event_type,state,event_id,occurred_at,pr_url,event_url,contribution_on
review,APPROVED,3627366438,2026-01-05T15:43:13Z,https://github.com/Moodys-Investors-Service/ai-model-gateway/pull/60,https://github.com/Moodys-Investors-Service/ai-model-gateway/pull/60#pullrequestreview-3627366438,peer_pr
review,APPROVED,3628405092,2026-01-05T20:58:27Z,https://github.com/Moodys-Investors-Service/jenny-api/pull/120,https://github.com/Moodys-Investors-Service/jenny-api/pull/120#pullrequestreview-3628405092,peer_pr
review,APPROVED,3628465653,2026-01-05T21:21:34Z,https://github.com/Moodys-Investors-Service/jenny-api/pull/121,https://github.com/Moodys-Investors-Service/jenny-api/pull/121#pullrequestreview-3628465653,peer_pr
inline_comment,,2662844896,2026-01-05T21:23:42Z,https://github.com/Moodys-Investors-Service/jenny-ui/pull/62,https://github.com/Moodys-Investors-Service/jenny-ui/pull/62#discussion_r2662844896,peer_pr
review,COMMENTED,3628470724,2026-01-05T21:23:42Z,https://github.com/Moodys-Investors-Service/jenny-ui/pull/62,https://github.com/Moodys-Investors-Service/jenny-ui/pull/62#pullrequestreview-3628470724,peer_pr
inline_comment,,2662849031,2026-01-05T21:25:25Z,https://github.com/Moodys-Investors-Service/jenny-ui/pull/62,https://github.com/Moodys-Investors-Service/jenny-ui/pull/62#discussion_r2662849031,peer_pr
review,COMMENTED,3628475291,2026-01-05T21:25:25Z,https://github.com/Moodys-Investors-Service/jenny-ui/pull/62,https://github.com/Moodys-Investors-Service/jenny-ui/pull/62#pullrequestreview-3628475291,peer_pr
review,APPROVED,3628489066,2026-01-05T21:30:37Z,https://github.com/Moodys-Investors-Service/jenny-ui/pull/62,https://github.com/Moodys-Investors-Service/jenny-ui/pull/62#pullrequestreview-3628489066,peer_pr
review,APPROVED,3631804576,2026-01-06T17:28:08Z,https://github.com/Moodys-Investors-Service/jenny-ui/pull/64,https://github.com/Moodys-Investors-Service/jenny-ui/pull/64#pullrequestreview-3631804576,peer_pr
discussion_comment,,3715691301,2026-01-06T17:51:41Z,https://github.com/Moodys-Investors-Service/jenny-api/pull/124,https://github.com/Moodys-Investors-Service/jenny-api/pull/124#issuecomment-3715691301,own_pr
review,DISMISSED,3635387002,2026-01-07T15:18:02Z,https://github.com/Moodys-Investors-Service/jenny-ui/pull/68,https://github.com/Moodys-Investors-Service/jenny-ui/pull/68#pullrequestreview-3635387002,peer_pr
inline_comment,,2668891141,2026-01-07T15:21:29Z,https://github.com/Moodys-Investors-Service/jenny-api/pull/125,https://github.com/Moodys-Investors-Service/jenny-api/pull/125#discussion_r2668891141,peer_pr
review,COMMENTED,3635403058,2026-01-07T15:21:29Z,https://github.com/Moodys-Investors-Service/jenny-api/pull/125,https://github.com/Moodys-Investors-Service/jenny-api/pull/125#pullrequestreview-3635403058,peer_pr
review,COMMENTED,3635408080,2026-01-07T15:22:25Z,https://github.com/Moodys-Investors-Service/jenny-api/pull/125,https://github.com/Moodys-Investors-Service/jenny-api/pull/125#pullrequestreview-3635408080,peer_pr
inline_comment,,2668895164,2026-01-07T15:22:26Z,https://github.com/Moodys-Investors-Service/jenny-api/pull/125,https://github.com/Moodys-Investors-Service/jenny-api/pull/125#discussion_r2668895164,peer_pr
inline_comment,,2668903603,2026-01-07T15:24:45Z,https://github.com/Moodys-Investors-Service/jenny-api/pull/125,https://github.com/Moodys-Investors-Service/jenny-api/pull/125#discussion_r2668903603,peer_pr
review,COMMENTED,3635417553,2026-01-07T15:24:45Z,https://github.com/Moodys-Investors-Service/jenny-api/pull/125,https://github.com/Moodys-Investors-Service/jenny-api/pull/125#pullrequestreview-3635417553,peer_pr
inline_comment,,2668905333,2026-01-07T15:25:15Z,https://github.com/Moodys-Investors-Service/jenny-api/pull/125,https://github.com/Moodys-Investors-Service/jenny-api/pull/125#discussion_r2668905333,peer_pr
review,COMMENTED,3635419507,2026-01-07T15:25:15Z,https://github.com/Moodys-Investors-Service/jenny-api/pull/125,https://github.com/Moodys-Investors-Service/jenny-api/pull/125#pullrequestreview-3635419507,peer_pr
review,CHANGES_REQUESTED,3635426923,2026-01-07T15:26:51Z,https://github.com/Moodys-Investors-Service/jenny-api/pull/125,https://github.com/Moodys-Investors-Service/jenny-api/pull/125#pullrequestreview-3635426923,peer_pr
review,APPROVED,3636583501,2026-01-07T20:00:12Z,https://github.com/Moodys-Investors-Service/jenny-ui/pull/69,https://github.com/Moodys-Investors-Service/jenny-ui/pull/69#pullrequestreview-3636583501,peer_pr
review,APPROVED,3636629042,2026-01-07T20:10:52Z,https://github.com/Moodys-Investors-Service/jenny-api/pull/125,https://github.com/Moodys-Investors-Service/jenny-api/pull/125#pullrequestreview-3636629042,peer_pr
review,DISMISSED,3636659389,2026-01-07T20:21:22Z,https://github.com/Moodys-Investors-Service/jenny-ui/pull/68,https://github.com/Moodys-Investors-Service/jenny-ui/pull/68#pullrequestreview-3636659389,peer_pr
review,APPROVED,3636705015,2026-01-07T20:35:56Z,https://github.com/Moodys-Investors-Service/jenny-ui/pull/68,https://github.com/Moodys-Investors-Service/jenny-ui/pull/68#pullrequestreview-3636705015,peer_pr
review,APPROVED,3640083614,2026-01-08T15:55:27Z,https://github.com/Moodys-Investors-Service/jenny-api/pull/127,https://github.com/Moodys-Investors-Service/jenny-api/pull/127#pullrequestreview-3640083614,peer_pr
review,APPROVED,3641188037,2026-01-08T20:33:36Z,https://github.com/Moodys-Investors-Service/jenny-ui/pull/75,https://github.com/Moodys-Investors-Service/jenny-ui/pull/75#pullrequestreview-3641188037,peer_pr
review,DISMISSED,3641204928,2026-01-08T20:36:58Z,https://github.com/Moodys-Investors-Service/jenny-ui/pull/76,https://github.com/Moodys-Investors-Service/jenny-ui/pull/76#pullrequestreview-3641204928,peer_pr
review,APPROVED,3641212754,2026-01-08T20:38:31Z,https://github.com/Moodys-Investors-Service/jenny-api/pull/129,https://github.com/Moodys-Investors-Service/jenny-api/pull/129#pullrequestreview-3641212754,peer_pr
review,APPROVED,3641215556,2026-01-08T20:39:08Z,https://github.com/Moodys-Investors-Service/jenny-ui/pull/76,https://github.com/Moodys-Investors-Service/jenny-ui/pull/76#pullrequestreview-3641215556,peer_pr
review,APPROVED,3641221089,2026-01-08T20:40:32Z,https://github.com/Moodys-Investors-Service/jenny-ui/pull/73,https://github.com/Moodys-Investors-Service/jenny-ui/pull/73#pullrequestreview-3641221089,peer_pr
inline_comment,,2677404876,2026-01-09T19:39:12Z,https://github.com/Moodys-Investors-Service/jenny-api/pull/130,https://github.com/Moodys-Investors-Service/jenny-api/pull/130#discussion_r2677404876,own_pr
review,COMMENTED,3645330113,2026-01-09T19:39:12Z,https://github.com/Moodys-Investors-Service/jenny-api/pull/130,https://github.com/Moodys-Investors-Service/jenny-api/pull/130#pullrequestreview-3645330113,own_pr
review,APPROVED,3645441041,2026-01-09T20:14:27Z,https://github.com/Moodys-Investors-Service/ai-model-gateway/pull/61,https://github.com/Moodys-Investors-Service/ai-model-gateway/pull/61#pullrequestreview-3645441041,peer_pr
review,APPROVED,3652020196,2026-01-12T18:03:45Z,https://github.com/Moodys-Investors-Service/jenny-ui/pull/81,https://github.com/Moodys-Investors-Service/jenny-ui/pull/81#pullrequestreview-3652020196,peer_pr
review,APPROVED,3652269759,2026-01-12T19:02:01Z,https://github.com/Moodys-Investors-Service/jenny-ui/pull/84,https://github.com/Moodys-Investors-Service/jenny-ui/pull/84#pullrequestreview-3652269759,peer_pr
review,APPROVED,3656232767,2026-01-13T14:50:39Z,https://github.com/Moodys-Investors-Service/ai-model-gateway/pull/62,https://github.com/Moodys-Investors-Service/ai-model-gateway/pull/62#pullrequestreview-3656232767,peer_pr
review,APPROVED,3657304213,2026-01-13T18:47:01Z,https://github.com/Moodys-Investors-Service/jenny-ui/pull/89,https://github.com/Moodys-Investors-Service/jenny-ui/pull/89#pullrequestreview-3657304213,peer_pr
review,APPROVED,3657341768,2026-01-13T18:55:09Z,https://github.com/Moodys-Investors-Service/jenny-api/pull/132,https://github.com/Moodys-Investors-Service/jenny-api/pull/132#pullrequestreview-3657341768,peer_pr
review,APPROVED,3657848345,2026-01-13T20:36:08Z,https://github.com/Moodys-Investors-Service/jenny-ui/pull/88,https://github.com/Moodys-Investors-Service/jenny-ui/pull/88#pullrequestreview-3657848345,peer_pr
review,APPROVED,3658646631,2026-01-14T03:02:40Z,https://github.com/Moodys-Investors-Service/jenny-ui/pull/90,https://github.com/Moodys-Investors-Service/jenny-ui/pull/90#pullrequestreview-3658646631,peer_pr
review,APPROVED,3661428109,2026-01-14T15:45:28Z,https://github.com/Moodys-Investors-Service/jenny-ui/pull/92,https://github.com/Moodys-Investors-Service/jenny-ui/pull/92#pullrequestreview-3661428109,peer_pr
review,CHANGES_REQUESTED,3666535005,2026-01-15T16:30:23Z,https://github.com/Moodys-Investors-Service/jenny-ui/pull/93,https://github.com/Moodys-Investors-Service/jenny-ui/pull/93#pullrequestreview-3666535005,peer_pr
review,DISMISSED,3667039756,2026-01-15T18:36:13Z,https://github.com/Moodys-Investors-Service/jenny-api/pull/133,https://github.com/Moodys-Investors-Service/jenny-api/pull/133#pullrequestreview-3667039756,peer_pr
review,APPROVED,3667110524,2026-01-15T18:56:54Z,https://github.com/Moodys-Investors-Service/jenny-api/pull/133,https://github.com/Moodys-Investors-Service/jenny-api/pull/133#pullrequestreview-3667110524,peer_pr
review,DISMISSED,3667129009,2026-01-15T19:02:55Z,https://github.com/Moodys-Investors-Service/jenny-ui/pull/93,https://github.com/Moodys-Investors-Service/jenny-ui/pull/93#pullrequestreview-3667129009,peer_pr
review,DISMISSED,3667169783,2026-01-15T19:12:37Z,https://github.com/Moodys-Investors-Service/jenny-ui/pull/93,https://github.com/Moodys-Investors-Service/jenny-ui/pull/93#pullrequestreview-3667169783,peer_pr
review,APPROVED,3667238255,2026-01-15T19:31:14Z,https://github.com/Moodys-Investors-Service/jenny-ui/pull/93,https://github.com/Moodys-Investors-Service/jenny-ui/pull/93#pullrequestreview-3667238255,peer_pr
review,APPROVED,3667651491,2026-01-15T21:26:47Z,https://github.com/Moodys-Investors-Service/jenny-api/pull/135,https://github.com/Moodys-Investors-Service/jenny-api/pull/135#pullrequestreview-3667651491,peer_pr
review,APPROVED,3667653367,2026-01-15T21:27:20Z,https://github.com/Moodys-Investors-Service/jenny-ui/pull/96,https://github.com/Moodys-Investors-Service/jenny-ui/pull/96#pullrequestreview-3667653367,peer_pr
review,APPROVED,3667868132,2026-01-15T22:19:58Z,https://github.com/Moodys-Investors-Service/jenny-ui/pull/98,https://github.com/Moodys-Investors-Service/jenny-ui/pull/98#pullrequestreview-3667868132,peer_pr
inline_comment,,2696217036,2026-01-15T22:40:37Z,https://github.com/Moodys-Investors-Service/jenny-api/pull/136,https://github.com/Moodys-Investors-Service/jenny-api/pull/136#discussion_r2696217036,own_pr
review,COMMENTED,3667944538,2026-01-15T22:40:37Z,https://github.com/Moodys-Investors-Service/jenny-api/pull/136,https://github.com/Moodys-Investors-Service/jenny-api/pull/136#pullrequestreview-3667944538,own_pr
inline_comment,,2696299523,2026-01-15T23:16:06Z,https://github.com/Moodys-Investors-Service/jenny-ui/pull/99,https://github.com/Moodys-Investors-Service/jenny-ui/pull/99#discussion_r2696299523,own_pr
review,COMMENTED,3668044681,2026-01-15T23:16:06Z,https://github.com/Moodys-Investors-Service/jenny-ui/pull/99,https://github.com/Moodys-Investors-Service/jenny-ui/pull/99#pullrequestreview-3668044681,own_pr
review,APPROVED,3671165370,2026-01-16T14:34:35Z,https://github.com/Moodys-Investors-Service/ai-model-gateway/pull/64,https://github.com/Moodys-Investors-Service/ai-model-gateway/pull/64#pullrequestreview-3671165370,peer_pr
discussion_comment,,3760903346,2026-01-16T16:44:12Z,https://github.com/Moodys-Investors-Service/jenny-api/pull/138,https://github.com/Moodys-Investors-Service/jenny-api/pull/138#issuecomment-3760903346,own_pr
review,APPROVED,3672172525,2026-01-16T18:24:33Z,https://github.com/Moodys-Investors-Service/jenny-ui/pull/101,https://github.com/Moodys-Investors-Service/jenny-ui/pull/101#pullrequestreview-3672172525,peer_pr
review,DISMISSED,3672526943,2026-01-16T20:06:08Z,https://github.com/Moodys-Investors-Service/jenny-ui/pull/102,https://github.com/Moodys-Investors-Service/jenny-ui/pull/102#pullrequestreview-3672526943,peer_pr
review,APPROVED,3672627311,2026-01-16T20:32:34Z,https://github.com/Moodys-Investors-Service/jenny-ui/pull/104,https://github.com/Moodys-Investors-Service/jenny-ui/pull/104#pullrequestreview-3672627311,peer_pr
inline_comment,,2700022341,2026-01-16T21:30:04Z,https://github.com/Moodys-Investors-Service/jenny-ui/pull/105,https://github.com/Moodys-Investors-Service/jenny-ui/pull/105#discussion_r2700022341,peer_pr
review,COMMENTED,3672790341,2026-01-16T21:30:04Z,https://github.com/Moodys-Investors-Service/jenny-ui/pull/105,https://github.com/Moodys-Investors-Service/jenny-ui/pull/105#pullrequestreview-3672790341,peer_pr
review,APPROVED,3682660937,2026-01-20T15:05:00Z,https://github.com/Moodys-Investors-Service/jenny-ui/pull/102,https://github.com/Moodys-Investors-Service/jenny-ui/pull/102#pullrequestreview-3682660937,peer_pr
review,DISMISSED,3683187984,2026-01-20T16:44:08Z,https://github.com/Moodys-Investors-Service/jenny-ui/pull/105,https://github.com/Moodys-Investors-Service/jenny-ui/pull/105#pullrequestreview-3683187984,peer_pr
review,APPROVED,3683219203,2026-01-20T16:51:42Z,https://github.com/Moodys-Investors-Service/jenny-ui/pull/105,https://github.com/Moodys-Investors-Service/jenny-ui/pull/105#pullrequestreview-3683219203,peer_pr
review,DISMISSED,3684203306,2026-01-20T20:42:13Z,https://github.com/Moodys-Investors-Service/jenny-api/pull/140,https://github.com/Moodys-Investors-Service/jenny-api/pull/140#pullrequestreview-3684203306,peer_pr
review,APPROVED,3684276693,2026-01-20T21:01:42Z,https://github.com/Moodys-Investors-Service/jenny-api/pull/140,https://github.com/Moodys-Investors-Service/jenny-api/pull/140#pullrequestreview-3684276693,peer_pr
review,APPROVED,3684280643,2026-01-20T21:03:02Z,https://github.com/Moodys-Investors-Service/jenny-ui/pull/106,https://github.com/Moodys-Investors-Service/jenny-ui/pull/106#pullrequestreview-3684280643,peer_pr
review,APPROVED,3684286817,2026-01-20T21:05:02Z,https://github.com/Moodys-Investors-Service/jenny-api/pull/141,https://github.com/Moodys-Investors-Service/jenny-api/pull/141#pullrequestreview-3684286817,peer_pr
review,APPROVED,3684512300,2026-01-20T22:11:15Z,https://github.com/Moodys-Investors-Service/jenny-ui/pull/107,https://github.com/Moodys-Investors-Service/jenny-ui/pull/107#pullrequestreview-3684512300,peer_pr
review,APPROVED,3684654217,2026-01-20T22:58:56Z,https://github.com/Moodys-Investors-Service/jenny-ui/pull/108,https://github.com/Moodys-Investors-Service/jenny-ui/pull/108#pullrequestreview-3684654217,peer_pr
review,APPROVED,3687894298,2026-01-21T15:34:12Z,https://github.com/Moodys-Investors-Service/ai-model-gateway/pull/67,https://github.com/Moodys-Investors-Service/ai-model-gateway/pull/67#pullrequestreview-3687894298,peer_pr
review,APPROVED,3689655453,2026-01-21T22:20:25Z,https://github.com/Moodys-Investors-Service/jenny-api/pull/146,https://github.com/Moodys-Investors-Service/jenny-api/pull/146#pullrequestreview-3689655453,peer_pr
review,APPROVED,3689664732,2026-01-21T22:24:08Z,https://github.com/Moodys-Investors-Service/jenny-ui/pull/111,https://github.com/Moodys-Investors-Service/jenny-ui/pull/111#pullrequestreview-3689664732,peer_pr
inline_comment,,2722654782,2026-01-23T20:04:47Z,https://github.com/Moodys-Investors-Service/jenny-api/pull/147,https://github.com/Moodys-Investors-Service/jenny-api/pull/147#discussion_r2722654782,peer_pr
review,COMMENTED,3699383131,2026-01-23T20:04:47Z,https://github.com/Moodys-Investors-Service/jenny-api/pull/147,https://github.com/Moodys-Investors-Service/jenny-api/pull/147#pullrequestreview-3699383131,peer_pr
inline_comment,,2722667887,2026-01-23T20:08:27Z,https://github.com/Moodys-Investors-Service/jenny-api/pull/147,https://github.com/Moodys-Investors-Service/jenny-api/pull/147#discussion_r2722667887,peer_pr
review,COMMENTED,3699399369,2026-01-23T20:08:27Z,https://github.com/Moodys-Investors-Service/jenny-api/pull/147,https://github.com/Moodys-Investors-Service/jenny-api/pull/147#pullrequestreview-3699399369,peer_pr
review,DISMISSED,3699456921,2026-01-23T20:20:31Z,https://github.com/Moodys-Investors-Service/jenny-ui/pull/114,https://github.com/Moodys-Investors-Service/jenny-ui/pull/114#pullrequestreview-3699456921,peer_pr
review,APPROVED,3699461294,2026-01-23T20:21:42Z,https://github.com/Moodys-Investors-Service/jenny-api/pull/147,https://github.com/Moodys-Investors-Service/jenny-api/pull/147#pullrequestreview-3699461294,peer_pr
review,APPROVED,3699467216,2026-01-23T20:23:28Z,https://github.com/Moodys-Investors-Service/jenny-api/pull/149,https://github.com/Moodys-Investors-Service/jenny-api/pull/149#pullrequestreview-3699467216,peer_pr
review,DISMISSED,3699495709,2026-01-23T20:31:11Z,https://github.com/Moodys-Investors-Service/jenny-ui/pull/114,https://github.com/Moodys-Investors-Service/jenny-ui/pull/114#pullrequestreview-3699495709,peer_pr
review,APPROVED,3699546291,2026-01-23T20:42:51Z,https://github.com/Moodys-Investors-Service/jenny-ui/pull/114,https://github.com/Moodys-Investors-Service/jenny-ui/pull/114#pullrequestreview-3699546291,peer_pr
discussion_comment,,3792633464,2026-01-23T21:49:01Z,https://github.com/Moodys-Investors-Service/jenny-ui/pull/119,https://github.com/Moodys-Investors-Service/jenny-ui/pull/119#issuecomment-3792633464,own_pr
discussion_comment,,3792639614,2026-01-23T21:50:02Z,https://github.com/Moodys-Investors-Service/jenny-api/pull/150,https://github.com/Moodys-Investors-Service/jenny-api/pull/150#issuecomment-3792639614,own_pr
review,APPROVED,3712740731,2026-01-27T18:13:48Z,https://github.com/Moodys-Investors-Service/jenny-ui/pull/125,https://github.com/Moodys-Investors-Service/jenny-ui/pull/125#pullrequestreview-3712740731,peer_pr
review,APPROVED,3712983915,2026-01-27T19:07:26Z,https://github.com/Moodys-Investors-Service/jenny-ui/pull/126,https://github.com/Moodys-Investors-Service/jenny-ui/pull/126#pullrequestreview-3712983915,peer_pr
review,APPROVED,3713389619,2026-01-27T20:46:58Z,https://github.com/Moodys-Investors-Service/jenny-api/pull/152,https://github.com/Moodys-Investors-Service/jenny-api/pull/152#pullrequestreview-3713389619,peer_pr
review,APPROVED,3713475914,2026-01-27T21:11:19Z,https://github.com/Moodys-Investors-Service/jenny-api/pull/153,https://github.com/Moodys-Investors-Service/jenny-api/pull/153#pullrequestreview-3713475914,peer_pr
review,APPROVED,3717292274,2026-01-28T15:18:47Z,https://github.com/Moodys-Investors-Service/jenny-api/pull/155,https://github.com/Moodys-Investors-Service/jenny-api/pull/155#pullrequestreview-3717292274,peer_pr
review,APPROVED,3719041727,2026-01-28T20:35:44Z,https://github.com/Moodys-Investors-Service/jenny-api/pull/157,https://github.com/Moodys-Investors-Service/jenny-api/pull/157#pullrequestreview-3719041727,peer_pr
inline_comment,,2746929718,2026-01-30T16:01:00Z,https://github.com/Moodys-Investors-Service/jenny-api/pull/160,https://github.com/Moodys-Investors-Service/jenny-api/pull/160#discussion_r2746929718,own_pr
review,COMMENTED,3729103207,2026-01-30T16:01:01Z,https://github.com/Moodys-Investors-Service/jenny-api/pull/160,https://github.com/Moodys-Investors-Service/jenny-api/pull/160#pullrequestreview-3729103207,own_pr
review,COMMENTED,3729154792,2026-01-30T16:08:45Z,https://github.com/Moodys-Investors-Service/jenny-api/pull/160,https://github.com/Moodys-Investors-Service/jenny-api/pull/160#pullrequestreview-3729154792,own_pr
discussion_comment,,3824495981,2026-01-30T16:09:08Z,https://github.com/Moodys-Investors-Service/jenny-ui/pull/135,https://github.com/Moodys-Investors-Service/jenny-ui/pull/135#issuecomment-3824495981,own_pr
review,APPROVED,3729508421,2026-01-30T17:20:35Z,https://github.com/Moodys-Investors-Service/jenny-ui/pull/136,https://github.com/Moodys-Investors-Service/jenny-ui/pull/136#pullrequestreview-3729508421,peer_pr
review,APPROVED,3729968156,2026-01-30T19:16:11Z,https://github.com/Moodys-Investors-Service/ai-model-gateway/pull/70,https://github.com/Moodys-Investors-Service/ai-model-gateway/pull/70#pullrequestreview-3729968156,peer_pr
inline_comment,,2748056457,2026-01-30T21:36:27Z,https://github.com/Moodys-Investors-Service/jenny-ui/pull/141,https://github.com/Moodys-Investors-Service/jenny-ui/pull/141#discussion_r2748056457,peer_pr
review,COMMENTED,3730492393,2026-01-30T21:36:27Z,https://github.com/Moodys-Investors-Service/jenny-ui/pull/141,https://github.com/Moodys-Investors-Service/jenny-ui/pull/141#pullrequestreview-3730492393,peer_pr
review,APPROVED,3730494918,2026-01-30T21:37:25Z,https://github.com/Moodys-Investors-Service/jenny-ui/pull/141,https://github.com/Moodys-Investors-Service/jenny-ui/pull/141#pullrequestreview-3730494918,peer_pr
review,COMMENTED,3740318185,2026-02-02T15:49:23Z,https://github.com/Moodys-Investors-Service/jenny-api/pull/163,https://github.com/Moodys-Investors-Service/jenny-api/pull/163#pullrequestreview-3740318185,own_pr
review,COMMENTED,3740480024,2026-02-02T16:15:35Z,https://github.com/Moodys-Investors-Service/jenny-ui/pull/145,https://github.com/Moodys-Investors-Service/jenny-ui/pull/145#pullrequestreview-3740480024,own_pr
review,APPROVED,3741519422,2026-02-02T20:02:58Z,https://github.com/Moodys-Investors-Service/ai-model-gateway/pull/71,https://github.com/Moodys-Investors-Service/ai-model-gateway/pull/71#pullrequestreview-3741519422,peer_pr
discussion_comment,,3837366774,2026-02-02T20:37:15Z,https://github.com/Moodys-Investors-Service/jenny-api/pull/165,https://github.com/Moodys-Investors-Service/jenny-api/pull/165#issuecomment-3837366774,own_pr
review,APPROVED,3741624569,2026-02-02T20:40:30Z,https://github.com/Moodys-Investors-Service/ai-model-gateway/pull/72,https://github.com/Moodys-Investors-Service/ai-model-gateway/pull/72#pullrequestreview-3741624569,peer_pr
review,APPROVED,3741832421,2026-02-02T21:58:56Z,https://github.com/Moodys-Investors-Service/ai-model-gateway/pull/73,https://github.com/Moodys-Investors-Service/ai-model-gateway/pull/73#pullrequestreview-3741832421,peer_pr
discussion_comment,,3842068583,2026-02-03T15:40:06Z,https://github.com/Moodys-Investors-Service/jenny-ui/pull/150,https://github.com/Moodys-Investors-Service/jenny-ui/pull/150#issuecomment-3842068583,own_pr
review,COMMENTED,3747045658,2026-02-03T19:00:41Z,https://github.com/Moodys-Investors-Service/jenny-ui/pull/152,https://github.com/Moodys-Investors-Service/jenny-ui/pull/152#pullrequestreview-3747045658,own_pr
review,APPROVED,3748320539,2026-02-04T00:22:48Z,https://github.com/Moodys-Investors-Service/ai-model-gateway/pull/74,https://github.com/Moodys-Investors-Service/ai-model-gateway/pull/74#pullrequestreview-3748320539,peer_pr
review,APPROVED,3748322831,2026-02-04T00:23:18Z,https://github.com/Moodys-Investors-Service/jenny-api/pull/166,https://github.com/Moodys-Investors-Service/jenny-api/pull/166#pullrequestreview-3748322831,peer_pr
review,APPROVED,3752160453,2026-02-04T16:53:44Z,https://github.com/Moodys-Investors-Service/ai-model-gateway/pull/76,https://github.com/Moodys-Investors-Service/ai-model-gateway/pull/76#pullrequestreview-3752160453,peer_pr
inline_comment,,2765670631,2026-02-04T19:33:35Z,https://github.com/Moodys-Investors-Service/jenny-api/pull/164,https://github.com/Moodys-Investors-Service/jenny-api/pull/164#discussion_r2765670631,peer_pr
inline_comment,,2765673200,2026-02-04T19:34:10Z,https://github.com/Moodys-Investors-Service/jenny-api/pull/164,https://github.com/Moodys-Investors-Service/jenny-api/pull/164#discussion_r2765673200,peer_pr
review,COMMENTED,3752975439,2026-02-04T19:42:02Z,https://github.com/Moodys-Investors-Service/jenny-api/pull/164,https://github.com/Moodys-Investors-Service/jenny-api/pull/164#pullrequestreview-3752975439,peer_pr
review,APPROVED,3758720229,2026-02-05T18:30:10Z,https://github.com/Moodys-Investors-Service/ai-model-gateway/pull/77,https://github.com/Moodys-Investors-Service/ai-model-gateway/pull/77#pullrequestreview-3758720229,peer_pr
review,APPROVED,3758770760,2026-02-05T18:42:21Z,https://github.com/Moodys-Investors-Service/ai-model-gateway/pull/78,https://github.com/Moodys-Investors-Service/ai-model-gateway/pull/78#pullrequestreview-3758770760,peer_pr
review,APPROVED,3758946929,2026-02-05T19:18:11Z,https://github.com/Moodys-Investors-Service/ai-model-gateway/pull/79,https://github.com/Moodys-Investors-Service/ai-model-gateway/pull/79#pullrequestreview-3758946929,peer_pr
inline_comment,,2771309026,2026-02-05T21:52:33Z,https://github.com/Moodys-Investors-Service/jenny-api/pull/170,https://github.com/Moodys-Investors-Service/jenny-api/pull/170#discussion_r2771309026,peer_pr
review,COMMENTED,3759657570,2026-02-05T21:52:33Z,https://github.com/Moodys-Investors-Service/jenny-api/pull/170,https://github.com/Moodys-Investors-Service/jenny-api/pull/170#pullrequestreview-3759657570,peer_pr
review,APPROVED,3759678346,2026-02-05T21:57:58Z,https://github.com/Moodys-Investors-Service/jenny-api/pull/170,https://github.com/Moodys-Investors-Service/jenny-api/pull/170#pullrequestreview-3759678346,peer_pr
review,APPROVED,3759831818,2026-02-05T22:46:31Z,https://github.com/Moodys-Investors-Service/jenny-ui/pull/166,https://github.com/Moodys-Investors-Service/jenny-ui/pull/166#pullrequestreview-3759831818,peer_pr
review,APPROVED,3759872935,2026-02-05T23:02:39Z,https://github.com/Moodys-Investors-Service/jenny-api/pull/171,https://github.com/Moodys-Investors-Service/jenny-api/pull/171#pullrequestreview-3759872935,peer_pr
review,COMMENTED,3765324684,2026-02-06T22:07:41Z,https://github.com/Moodys-Investors-Service/jenny-api/pull/172,https://github.com/Moodys-Investors-Service/jenny-api/pull/172#pullrequestreview-3765324684,own_pr
review,APPROVED,3775005927,2026-02-09T19:54:56Z,https://github.com/Moodys-Investors-Service/ai-model-gateway/pull/84,https://github.com/Moodys-Investors-Service/ai-model-gateway/pull/84#pullrequestreview-3775005927,peer_pr
review,APPROVED,3780291435,2026-02-10T16:49:45Z,https://github.com/Moodys-Investors-Service/ai-model-gateway/pull/80,https://github.com/Moodys-Investors-Service/ai-model-gateway/pull/80#pullrequestreview-3780291435,peer_pr
review,APPROVED,3780843845,2026-02-10T18:41:20Z,https://github.com/Moodys-Investors-Service/jenny-api/pull/173,https://github.com/Moodys-Investors-Service/jenny-api/pull/173#pullrequestreview-3780843845,peer_pr
review,APPROVED,3781505571,2026-02-10T20:48:25Z,https://github.com/Moodys-Investors-Service/jenny-api/pull/178,https://github.com/Moodys-Investors-Service/jenny-api/pull/178#pullrequestreview-3781505571,peer_pr
inline_comment,,2794550075,2026-02-11T17:26:12Z,https://github.com/Moodys-Investors-Service/jenny-ui/pull/172,https://github.com/Moodys-Investors-Service/jenny-ui/pull/172#discussion_r2794550075,peer_pr
review,COMMENTED,3786218756,2026-02-11T17:26:12Z,https://github.com/Moodys-Investors-Service/jenny-ui/pull/172,https://github.com/Moodys-Investors-Service/jenny-ui/pull/172#pullrequestreview-3786218756,peer_pr
review,APPROVED,3787588211,2026-02-11T21:33:11Z,https://github.com/Moodys-Investors-Service/jenny-api/pull/181,https://github.com/Moodys-Investors-Service/jenny-api/pull/181#pullrequestreview-3787588211,peer_pr
review,APPROVED,3791527523,2026-02-12T14:56:12Z,https://github.com/Moodys-Investors-Service/jenny-ui/pull/172,https://github.com/Moodys-Investors-Service/jenny-ui/pull/172#pullrequestreview-3791527523,peer_pr
review,APPROVED,3793085506,2026-02-12T19:04:24Z,https://github.com/Moodys-Investors-Service/jenny-api/pull/184,https://github.com/Moodys-Investors-Service/jenny-api/pull/184#pullrequestreview-3793085506,peer_pr
review,DISMISSED,3793118341,2026-02-12T19:11:26Z,https://github.com/Moodys-Investors-Service/jenny-api/pull/182,https://github.com/Moodys-Investors-Service/jenny-api/pull/182#pullrequestreview-3793118341,peer_pr
review,APPROVED,3793122036,2026-02-12T19:12:17Z,https://github.com/Moodys-Investors-Service/jenny-api/pull/182,https://github.com/Moodys-Investors-Service/jenny-api/pull/182#pullrequestreview-3793122036,peer_pr
review,APPROVED,3798053582,2026-02-13T15:56:38Z,https://github.com/Moodys-Investors-Service/jenny-ui/pull/179,https://github.com/Moodys-Investors-Service/jenny-ui/pull/179#pullrequestreview-3798053582,peer_pr
review,APPROVED,3798225909,2026-02-13T16:32:03Z,https://github.com/Moodys-Investors-Service/jenny-ui/pull/170,https://github.com/Moodys-Investors-Service/jenny-ui/pull/170#pullrequestreview-3798225909,peer_pr
review,APPROVED,3799361081,2026-02-13T20:27:17Z,https://github.com/Moodys-Investors-Service/jenny-ui/pull/183,https://github.com/Moodys-Investors-Service/jenny-ui/pull/183#pullrequestreview-3799361081,peer_pr
review,APPROVED,3815637110,2026-02-17T18:31:36Z,https://github.com/Moodys-Investors-Service/jenny-ui/pull/190,https://github.com/Moodys-Investors-Service/jenny-ui/pull/190#pullrequestreview-3815637110,peer_pr
review,APPROVED,3815807958,2026-02-17T19:11:55Z,https://github.com/Moodys-Investors-Service/jenny-ui/pull/193,https://github.com/Moodys-Investors-Service/jenny-ui/pull/193#pullrequestreview-3815807958,peer_pr
review,APPROVED,3815816031,2026-02-17T19:14:03Z,https://github.com/Moodys-Investors-Service/jenny-ui/pull/194,https://github.com/Moodys-Investors-Service/jenny-ui/pull/194#pullrequestreview-3815816031,peer_pr
review,APPROVED,3815903270,2026-02-17T19:35:59Z,https://github.com/Moodys-Investors-Service/ai-model-gateway/pull/89,https://github.com/Moodys-Investors-Service/ai-model-gateway/pull/89#pullrequestreview-3815903270,peer_pr
review,APPROVED,3816346965,2026-02-17T21:15:12Z,https://github.com/Moodys-Investors-Service/jenny-ui/pull/197,https://github.com/Moodys-Investors-Service/jenny-ui/pull/197#pullrequestreview-3816346965,peer_pr
review,APPROVED,3816503358,2026-02-17T21:55:31Z,https://github.com/Moodys-Investors-Service/jenny-ui/pull/200,https://github.com/Moodys-Investors-Service/jenny-ui/pull/200#pullrequestreview-3816503358,peer_pr
review,APPROVED,3816568631,2026-02-17T22:13:52Z,https://github.com/Moodys-Investors-Service/ai-model-gateway/pull/90,https://github.com/Moodys-Investors-Service/ai-model-gateway/pull/90#pullrequestreview-3816568631,peer_pr
review,APPROVED,3816650411,2026-02-17T22:37:16Z,https://github.com/Moodys-Investors-Service/ai-model-gateway/pull/91,https://github.com/Moodys-Investors-Service/ai-model-gateway/pull/91#pullrequestreview-3816650411,peer_pr
review,APPROVED,3816718409,2026-02-17T22:56:01Z,https://github.com/Moodys-Investors-Service/jenny-ui/pull/201,https://github.com/Moodys-Investors-Service/jenny-ui/pull/201#pullrequestreview-3816718409,peer_pr
review,APPROVED,3819533152,2026-02-18T12:12:22Z,https://github.com/Moodys-Investors-Service/jenny-ui/pull/202,https://github.com/Moodys-Investors-Service/jenny-ui/pull/202#pullrequestreview-3819533152,peer_pr
review,APPROVED,3819534563,2026-02-18T12:12:38Z,https://github.com/Moodys-Investors-Service/jenny-ui/pull/203,https://github.com/Moodys-Investors-Service/jenny-ui/pull/203#pullrequestreview-3819534563,peer_pr
review,APPROVED,3819543675,2026-02-18T12:14:18Z,https://github.com/Moodys-Investors-Service/jenny-api/pull/186,https://github.com/Moodys-Investors-Service/jenny-api/pull/186#pullrequestreview-3819543675,peer_pr
review,DISMISSED,3819572651,2026-02-18T12:19:04Z,https://github.com/Moodys-Investors-Service/jenny-ui/pull/205,https://github.com/Moodys-Investors-Service/jenny-ui/pull/205#pullrequestreview-3819572651,peer_pr
review,DISMISSED,3819578906,2026-02-18T12:20:27Z,https://github.com/Moodys-Investors-Service/jenny-ui/pull/204,https://github.com/Moodys-Investors-Service/jenny-ui/pull/204#pullrequestreview-3819578906,peer_pr
review,APPROVED,3819581806,2026-02-18T12:20:58Z,https://github.com/Moodys-Investors-Service/jenny-api/pull/187,https://github.com/Moodys-Investors-Service/jenny-api/pull/187#pullrequestreview-3819581806,peer_pr
review,APPROVED,3819613531,2026-02-18T12:28:04Z,https://github.com/Moodys-Investors-Service/jenny-ui/pull/204,https://github.com/Moodys-Investors-Service/jenny-ui/pull/204#pullrequestreview-3819613531,peer_pr
review,APPROVED,3819615951,2026-02-18T12:28:39Z,https://github.com/Moodys-Investors-Service/jenny-ui/pull/205,https://github.com/Moodys-Investors-Service/jenny-ui/pull/205#pullrequestreview-3819615951,peer_pr
review,APPROVED,3821567917,2026-02-18T18:34:52Z,https://github.com/Moodys-Investors-Service/jenny-ui/pull/208,https://github.com/Moodys-Investors-Service/jenny-ui/pull/208#pullrequestreview-3821567917,peer_pr
discussion_comment,,3922878073,2026-02-18T19:56:22Z,https://github.com/Moodys-Investors-Service/jenny-ui/pull/206,https://github.com/Moodys-Investors-Service/jenny-ui/pull/206#issuecomment-3922878073,peer_pr
review,DISMISSED,3821944604,2026-02-18T19:57:56Z,https://github.com/Moodys-Investors-Service/jenny-ui/pull/206,https://github.com/Moodys-Investors-Service/jenny-ui/pull/206#pullrequestreview-3821944604,peer_pr
review,COMMENTED,3821979984,2026-02-18T20:05:55Z,https://github.com/Moodys-Investors-Service/jenny-api/pull/191,https://github.com/Moodys-Investors-Service/jenny-api/pull/191#pullrequestreview-3821979984,peer_pr
review,COMMENTED,3822026041,2026-02-18T20:17:29Z,https://github.com/Moodys-Investors-Service/jenny-api/pull/194,https://github.com/Moodys-Investors-Service/jenny-api/pull/194#pullrequestreview-3822026041,own_pr
discussion_comment,,3922978645,2026-02-18T20:19:31Z,https://github.com/Moodys-Investors-Service/jenny-ui/pull/209,https://github.com/Moodys-Investors-Service/jenny-ui/pull/209#issuecomment-3922978645,own_pr
review,APPROVED,3822122937,2026-02-18T20:41:11Z,https://github.com/Moodys-Investors-Service/jenny-ui/pull/211,https://github.com/Moodys-Investors-Service/jenny-ui/pull/211#pullrequestreview-3822122937,peer_pr
review,APPROVED,3822213855,2026-02-18T21:02:08Z,https://github.com/Moodys-Investors-Service/jenny-api/pull/191,https://github.com/Moodys-Investors-Service/jenny-api/pull/191#pullrequestreview-3822213855,peer_pr
review,APPROVED,3822216375,2026-02-18T21:02:43Z,https://github.com/Moodys-Investors-Service/jenny-ui/pull/206,https://github.com/Moodys-Investors-Service/jenny-ui/pull/206#pullrequestreview-3822216375,peer_pr
review,APPROVED,3826200283,2026-02-19T14:17:36Z,https://github.com/Moodys-Investors-Service/jenny-api/pull/197,https://github.com/Moodys-Investors-Service/jenny-api/pull/197#pullrequestreview-3826200283,peer_pr
review,APPROVED,3826407678,2026-02-19T14:52:17Z,https://github.com/Moodys-Investors-Service/jenny-ui/pull/215,https://github.com/Moodys-Investors-Service/jenny-ui/pull/215#pullrequestreview-3826407678,peer_pr
review,APPROVED,3826923035,2026-02-19T16:16:44Z,https://github.com/Moodys-Investors-Service/jenny-ui/pull/216,https://github.com/Moodys-Investors-Service/jenny-ui/pull/216#pullrequestreview-3826923035,peer_pr
review,APPROVED,3827094821,2026-02-19T16:46:56Z,https://github.com/Moodys-Investors-Service/jenny-api/pull/199,https://github.com/Moodys-Investors-Service/jenny-api/pull/199#pullrequestreview-3827094821,peer_pr
review,APPROVED,3827197212,2026-02-19T17:05:38Z,https://github.com/Moodys-Investors-Service/jenny-ui/pull/218,https://github.com/Moodys-Investors-Service/jenny-ui/pull/218#pullrequestreview-3827197212,peer_pr
review,APPROVED,3827209338,2026-02-19T17:07:34Z,https://github.com/Moodys-Investors-Service/jenny-api/pull/200,https://github.com/Moodys-Investors-Service/jenny-api/pull/200#pullrequestreview-3827209338,peer_pr
review,APPROVED,3827230954,2026-02-19T17:10:41Z,https://github.com/Moodys-Investors-Service/jenny-ui/pull/216,https://github.com/Moodys-Investors-Service/jenny-ui/pull/216#pullrequestreview-3827230954,peer_pr
review,APPROVED,3827245448,2026-02-19T17:12:43Z,https://github.com/Moodys-Investors-Service/jenny-ui/pull/219,https://github.com/Moodys-Investors-Service/jenny-ui/pull/219#pullrequestreview-3827245448,peer_pr
review,APPROVED,3827643427,2026-02-19T18:14:38Z,https://github.com/Moodys-Investors-Service/jenny-ui/pull/222,https://github.com/Moodys-Investors-Service/jenny-ui/pull/222#pullrequestreview-3827643427,peer_pr
review,APPROVED,3827824420,2026-02-19T18:45:35Z,https://github.com/Moodys-Investors-Service/jenny-ui/pull/223,https://github.com/Moodys-Investors-Service/jenny-ui/pull/223#pullrequestreview-3827824420,peer_pr
inline_comment,,2833362853,2026-02-20T14:06:40Z,https://github.com/Moodys-Investors-Service/jenny-ui/pull/229,https://github.com/Moodys-Investors-Service/jenny-ui/pull/229#discussion_r2833362853,peer_pr
review,COMMENTED,3832201786,2026-02-20T14:06:40Z,https://github.com/Moodys-Investors-Service/jenny-ui/pull/229,https://github.com/Moodys-Investors-Service/jenny-ui/pull/229#pullrequestreview-3832201786,peer_pr
review,APPROVED,3832204084,2026-02-20T14:07:06Z,https://github.com/Moodys-Investors-Service/jenny-ui/pull/229,https://github.com/Moodys-Investors-Service/jenny-ui/pull/229#pullrequestreview-3832204084,peer_pr
review,APPROVED,3834134510,2026-02-20T20:43:17Z,https://github.com/Moodys-Investors-Service/jenny-ui/pull/237,https://github.com/Moodys-Investors-Service/jenny-ui/pull/237#pullrequestreview-3834134510,peer_pr
review,APPROVED,3841774494,2026-02-23T15:29:44Z,https://github.com/Moodys-Investors-Service/jenny-api/pull/221,https://github.com/Moodys-Investors-Service/jenny-api/pull/221#pullrequestreview-3841774494,peer_pr
review,APPROVED,3843230945,2026-02-23T20:01:47Z,https://github.com/Moodys-Investors-Service/jenny-ui/pull/254,https://github.com/Moodys-Investors-Service/jenny-ui/pull/254#pullrequestreview-3843230945,peer_pr
review,COMMENTED,3843260164,2026-02-23T20:08:40Z,https://github.com/MRT-Jenny/ai-base-project/pull/2,https://github.com/MRT-Jenny/ai-base-project/pull/2#pullrequestreview-3843260164,own_pr
review,APPROVED,3843294999,2026-02-23T20:16:03Z,https://github.com/Moodys-Investors-Service/jenny-api/pull/223,https://github.com/Moodys-Investors-Service/jenny-api/pull/223#pullrequestreview-3843294999,peer_pr
review,APPROVED,3843319524,2026-02-23T20:20:40Z,https://github.com/Moodys-Investors-Service/jenny-ui/pull/253,https://github.com/Moodys-Investors-Service/jenny-ui/pull/253#pullrequestreview-3843319524,peer_pr
review,APPROVED,3843365600,2026-02-23T20:28:47Z,https://github.com/Moodys-Investors-Service/jenny-ui/pull/256,https://github.com/Moodys-Investors-Service/jenny-ui/pull/256#pullrequestreview-3843365600,peer_pr
review,APPROVED,3847761988,2026-02-24T13:02:43Z,https://github.com/Moodys-Investors-Service/jenny-api/pull/226,https://github.com/Moodys-Investors-Service/jenny-api/pull/226#pullrequestreview-3847761988,peer_pr
review,COMMENTED,3847785615,2026-02-24T13:07:27Z,https://github.com/Moodys-Investors-Service/jenny-api/pull/226,https://github.com/Moodys-Investors-Service/jenny-api/pull/226#pullrequestreview-3847785615,peer_pr
review,APPROVED,3848755128,2026-02-24T15:38:55Z,https://github.com/Moodys-Investors-Service/jenny-ui/pull/249,https://github.com/Moodys-Investors-Service/jenny-ui/pull/249#pullrequestreview-3848755128,peer_pr
review,APPROVED,3849570517,2026-02-24T17:44:19Z,https://github.com/Moodys-Investors-Service/jenny-ui/pull/336,https://github.com/Moodys-Investors-Service/jenny-ui/pull/336#pullrequestreview-3849570517,peer_pr
review,COMMENTED,3849804031,2026-02-24T18:28:33Z,https://github.com/Moodys-Investors-Service/jenny-ui/pull/337,https://github.com/Moodys-Investors-Service/jenny-ui/pull/337#pullrequestreview-3849804031,own_pr
review,COMMENTED,3849931224,2026-02-24T18:52:36Z,https://github.com/Moodys-Investors-Service/jenny-api/pull/263,https://github.com/Moodys-Investors-Service/jenny-api/pull/263#pullrequestreview-3849931224,own_pr
review,DISMISSED,3850057503,2026-02-24T19:20:14Z,https://github.com/Moodys-Investors-Service/ai-model-gateway/pull/104,https://github.com/Moodys-Investors-Service/ai-model-gateway/pull/104#pullrequestreview-3850057503,peer_pr
review,APPROVED,3850321887,2026-02-24T20:21:24Z,https://github.com/Moodys-Investors-Service/jenny-ui/pull/338,https://github.com/Moodys-Investors-Service/jenny-ui/pull/338#pullrequestreview-3850321887,peer_pr
review,DISMISSED,3850644053,2026-02-24T21:29:31Z,https://github.com/Moodys-Investors-Service/jenny-ui/pull/339,https://github.com/Moodys-Investors-Service/jenny-ui/pull/339#pullrequestreview-3850644053,peer_pr
review,APPROVED,3854892064,2026-02-25T15:10:26Z,https://github.com/Moodys-Investors-Service/jenny-ui/pull/342,https://github.com/Moodys-Investors-Service/jenny-ui/pull/342#pullrequestreview-3854892064,peer_pr
review,APPROVED,3854895472,2026-02-25T15:11:00Z,https://github.com/Moodys-Investors-Service/jenny-ui/pull/341,https://github.com/Moodys-Investors-Service/jenny-ui/pull/341#pullrequestreview-3854895472,peer_pr
review,APPROVED,3854899466,2026-02-25T15:11:42Z,https://github.com/Moodys-Investors-Service/jenny-api/pull/265,https://github.com/Moodys-Investors-Service/jenny-api/pull/265#pullrequestreview-3854899466,peer_pr
review,APPROVED,3854904837,2026-02-25T15:12:36Z,https://github.com/Moodys-Investors-Service/jenny-ui/pull/339,https://github.com/Moodys-Investors-Service/jenny-ui/pull/339#pullrequestreview-3854904837,peer_pr
review,APPROVED,3854956484,2026-02-25T15:21:17Z,https://github.com/Moodys-Investors-Service/jenny-ui/pull/343,https://github.com/Moodys-Investors-Service/jenny-ui/pull/343#pullrequestreview-3854956484,peer_pr
review,APPROVED,3856330106,2026-02-25T19:17:35Z,https://github.com/Moodys-Investors-Service/jenny-ui/pull/347,https://github.com/Moodys-Investors-Service/jenny-ui/pull/347#pullrequestreview-3856330106,peer_pr
review,APPROVED,3856420972,2026-02-25T19:31:43Z,https://github.com/Moodys-Investors-Service/jenny-ui/pull/348,https://github.com/Moodys-Investors-Service/jenny-ui/pull/348#pullrequestreview-3856420972,peer_pr
inline_comment,,2855044640,2026-02-25T19:42:55Z,https://github.com/Moodys-Investors-Service/jenny-ui/pull/349,https://github.com/Moodys-Investors-Service/jenny-ui/pull/349#discussion_r2855044640,peer_pr
review,COMMENTED,3856482695,2026-02-25T19:42:55Z,https://github.com/Moodys-Investors-Service/jenny-ui/pull/349,https://github.com/Moodys-Investors-Service/jenny-ui/pull/349#pullrequestreview-3856482695,peer_pr
review,APPROVED,3856484405,2026-02-25T19:43:17Z,https://github.com/Moodys-Investors-Service/jenny-ui/pull/349,https://github.com/Moodys-Investors-Service/jenny-ui/pull/349#pullrequestreview-3856484405,peer_pr
review,APPROVED,3862359902,2026-02-26T17:07:27Z,https://github.com/Moodys-Investors-Service/jenny-ui/pull/363,https://github.com/Moodys-Investors-Service/jenny-ui/pull/363#pullrequestreview-3862359902,peer_pr
review,APPROVED,3863338901,2026-02-26T20:17:24Z,https://github.com/Moodys-Investors-Service/jenny-ui/pull/369,https://github.com/Moodys-Investors-Service/jenny-ui/pull/369#pullrequestreview-3863338901,peer_pr
review,APPROVED,3863341364,2026-02-26T20:18:03Z,https://github.com/Moodys-Investors-Service/jenny-ui/pull/370,https://github.com/Moodys-Investors-Service/jenny-ui/pull/370#pullrequestreview-3863341364,peer_pr
review,APPROVED,3863347874,2026-02-26T20:19:45Z,https://github.com/Moodys-Investors-Service/jenny-api/pull/280,https://github.com/Moodys-Investors-Service/jenny-api/pull/280#pullrequestreview-3863347874,peer_pr
review,APPROVED,3863350599,2026-02-26T20:20:27Z,https://github.com/Moodys-Investors-Service/jenny-api/pull/281,https://github.com/Moodys-Investors-Service/jenny-api/pull/281#pullrequestreview-3863350599,peer_pr
review,APPROVED,3863356109,2026-02-26T20:21:52Z,https://github.com/Moodys-Investors-Service/jenny-api/pull/282,https://github.com/Moodys-Investors-Service/jenny-api/pull/282#pullrequestreview-3863356109,peer_pr
review,APPROVED,3863694670,2026-02-26T21:42:37Z,https://github.com/Moodys-Investors-Service/jenny-ui/pull/373,https://github.com/Moodys-Investors-Service/jenny-ui/pull/373#pullrequestreview-3863694670,peer_pr
review,APPROVED,3863728280,2026-02-26T21:50:45Z,https://github.com/Moodys-Investors-Service/jenny-ui/pull/375,https://github.com/Moodys-Investors-Service/jenny-ui/pull/375#pullrequestreview-3863728280,peer_pr
review,APPROVED,3866948872,2026-02-27T13:27:30Z,https://github.com/Moodys-Investors-Service/ai-model-gateway/pull/105,https://github.com/Moodys-Investors-Service/ai-model-gateway/pull/105#pullrequestreview-3866948872,peer_pr
review,APPROVED,3866950975,2026-02-27T13:28:02Z,https://github.com/Moodys-Investors-Service/jenny-ui/pull/377,https://github.com/Moodys-Investors-Service/jenny-ui/pull/377#pullrequestreview-3866950975,peer_pr
review,APPROVED,3867481910,2026-02-27T15:15:19Z,https://github.com/Moodys-Investors-Service/jenny-ui/pull/382,https://github.com/Moodys-Investors-Service/jenny-ui/pull/382#pullrequestreview-3867481910,peer_pr
review,APPROVED,3867596397,2026-02-27T15:36:01Z,https://github.com/Moodys-Investors-Service/jenny-ui/pull/386,https://github.com/Moodys-Investors-Service/jenny-ui/pull/386#pullrequestreview-3867596397,peer_pr
review,APPROVED,3867961524,2026-02-27T16:47:38Z,https://github.com/Moodys-Investors-Service/jenny-ui/pull/391,https://github.com/Moodys-Investors-Service/jenny-ui/pull/391#pullrequestreview-3867961524,peer_pr
review,APPROVED,3876481546,2026-03-02T14:12:08Z,https://github.com/Moodys-Investors-Service/jenny-api/pull/296,https://github.com/Moodys-Investors-Service/jenny-api/pull/296#pullrequestreview-3876481546,peer_pr
review,APPROVED,3877172968,2026-03-02T16:13:41Z,https://github.com/Moodys-Investors-Service/jenny-api/pull/300,https://github.com/Moodys-Investors-Service/jenny-api/pull/300#pullrequestreview-3877172968,peer_pr
review,APPROVED,3877221756,2026-03-02T16:23:19Z,https://github.com/Moodys-Investors-Service/jenny-api/pull/302,https://github.com/Moodys-Investors-Service/jenny-api/pull/302#pullrequestreview-3877221756,peer_pr
review,APPROVED,3877465971,2026-03-02T17:04:39Z,https://github.com/Moodys-Investors-Service/jenny-ui/pull/412,https://github.com/Moodys-Investors-Service/jenny-ui/pull/412#pullrequestreview-3877465971,peer_pr
review,APPROVED,3877959616,2026-03-02T18:34:23Z,https://github.com/Moodys-Investors-Service/jenny-ui/pull/415,https://github.com/Moodys-Investors-Service/jenny-ui/pull/415#pullrequestreview-3877959616,peer_pr
review,APPROVED,3878115172,2026-03-02T19:11:30Z,https://github.com/Moodys-Investors-Service/jenny-ui/pull/418,https://github.com/Moodys-Investors-Service/jenny-ui/pull/418#pullrequestreview-3878115172,peer_pr
review,DISMISSED,3883167888,2026-03-03T14:59:50Z,https://github.com/Moodys-Investors-Service/jenny-api/pull/303,https://github.com/Moodys-Investors-Service/jenny-api/pull/303#pullrequestreview-3883167888,peer_pr
review,DISMISSED,3884958492,2026-03-03T20:46:08Z,https://github.com/Moodys-Investors-Service/jenny-ui/pull/441,https://github.com/Moodys-Investors-Service/jenny-ui/pull/441#pullrequestreview-3884958492,peer_pr
review,APPROVED,3884961219,2026-03-03T20:46:40Z,https://github.com/Moodys-Investors-Service/jenny-api/pull/309,https://github.com/Moodys-Investors-Service/jenny-api/pull/309#pullrequestreview-3884961219,peer_pr
review,APPROVED,3884962603,2026-03-03T20:46:58Z,https://github.com/Moodys-Investors-Service/ai-model-gateway/pull/108,https://github.com/Moodys-Investors-Service/ai-model-gateway/pull/108#pullrequestreview-3884962603,peer_pr
review,APPROVED,3885024788,2026-03-03T21:01:35Z,https://github.com/Moodys-Investors-Service/jenny-ui/pull/441,https://github.com/Moodys-Investors-Service/jenny-ui/pull/441#pullrequestreview-3885024788,peer_pr
review,APPROVED,3885395852,2026-03-03T22:24:04Z,https://github.com/Moodys-Investors-Service/jenny-api/pull/313,https://github.com/Moodys-Investors-Service/jenny-api/pull/313#pullrequestreview-3885395852,peer_pr
review,APPROVED,3885427094,2026-03-03T22:33:26Z,https://github.com/Moodys-Investors-Service/jenny-ui/pull/449,https://github.com/Moodys-Investors-Service/jenny-ui/pull/449#pullrequestreview-3885427094,peer_pr
review,APPROVED,3885861957,2026-03-03T23:54:49Z,https://github.com/Moodys-Investors-Service/jenny-ui/pull/448,https://github.com/Moodys-Investors-Service/jenny-ui/pull/448#pullrequestreview-3885861957,peer_pr
review,APPROVED,3885864948,2026-03-03T23:55:13Z,https://github.com/Moodys-Investors-Service/jenny-api/pull/314,https://github.com/Moodys-Investors-Service/jenny-api/pull/314#pullrequestreview-3885864948,peer_pr
review,APPROVED,3890543750,2026-03-04T16:28:47Z,https://github.com/Moodys-Investors-Service/jenny-api/pull/317,https://github.com/Moodys-Investors-Service/jenny-api/pull/317#pullrequestreview-3890543750,peer_pr
review,APPROVED,3890607526,2026-03-04T16:38:46Z,https://github.com/Moodys-Investors-Service/jenny-ui/pull/451,https://github.com/Moodys-Investors-Service/jenny-ui/pull/451#pullrequestreview-3890607526,peer_pr
review,COMMENTED,3890608465,2026-03-04T16:38:55Z,https://github.com/Moodys-Investors-Service/jenny-api/pull/316,https://github.com/Moodys-Investors-Service/jenny-api/pull/316#pullrequestreview-3890608465,peer_pr
review,APPROVED,3890615016,2026-03-04T16:40:01Z,https://github.com/Moodys-Investors-Service/jenny-api/pull/316,https://github.com/Moodys-Investors-Service/jenny-api/pull/316#pullrequestreview-3890615016,peer_pr
review,APPROVED,3891538196,2026-03-04T19:31:06Z,https://github.com/Moodys-Investors-Service/jenny-ui/pull/460,https://github.com/Moodys-Investors-Service/jenny-ui/pull/460#pullrequestreview-3891538196,peer_pr
review,APPROVED,3896867049,2026-03-05T14:07:43Z,https://github.com/Moodys-Investors-Service/jenny-api/pull/321,https://github.com/Moodys-Investors-Service/jenny-api/pull/321#pullrequestreview-3896867049,peer_pr
review,APPROVED,3896881416,2026-03-05T14:09:06Z,https://github.com/Moodys-Investors-Service/jenny-ui/pull/458,https://github.com/Moodys-Investors-Service/jenny-ui/pull/458#pullrequestreview-3896881416,peer_pr
review,APPROVED,3897086045,2026-03-05T14:33:11Z,https://github.com/Moodys-Investors-Service/jenny-ui/pull/465,https://github.com/Moodys-Investors-Service/jenny-ui/pull/465#pullrequestreview-3897086045,peer_pr
review,APPROVED,3897773081,2026-03-05T16:03:45Z,https://github.com/Moodys-Investors-Service/jenny-ui/pull/467,https://github.com/Moodys-Investors-Service/jenny-ui/pull/467#pullrequestreview-3897773081,peer_pr
review,CHANGES_REQUESTED,3905824572,2026-03-06T20:20:12Z,https://github.com/Moodys-Investors-Service/jenny-ui/pull/475,https://github.com/Moodys-Investors-Service/jenny-ui/pull/475#pullrequestreview-3905824572,peer_pr
review,APPROVED,3905850096,2026-03-06T20:26:44Z,https://github.com/Moodys-Investors-Service/jenny-ui/pull/459,https://github.com/Moodys-Investors-Service/jenny-ui/pull/459#pullrequestreview-3905850096,peer_pr
review,CHANGES_REQUESTED,3905858030,2026-03-06T20:28:39Z,https://github.com/Moodys-Investors-Service/jenny-api/pull/330,https://github.com/Moodys-Investors-Service/jenny-api/pull/330#pullrequestreview-3905858030,peer_pr
review,APPROVED,3905899547,2026-03-06T20:39:53Z,https://github.com/Moodys-Investors-Service/jenny-api/pull/330,https://github.com/Moodys-Investors-Service/jenny-api/pull/330#pullrequestreview-3905899547,peer_pr
inline_comment,,2897912601,2026-03-06T21:17:09Z,https://github.com/Moodys-Investors-Service/jenny-ui/pull/478,https://github.com/Moodys-Investors-Service/jenny-ui/pull/478#discussion_r2897912601,peer_pr
review,CHANGES_REQUESTED,3906078859,2026-03-06T21:17:14Z,https://github.com/Moodys-Investors-Service/jenny-ui/pull/478,https://github.com/Moodys-Investors-Service/jenny-ui/pull/478#pullrequestreview-3906078859,peer_pr
inline_comment,,2897943462,2026-03-06T21:25:41Z,https://github.com/Moodys-Investors-Service/jenny-ui/pull/478,https://github.com/Moodys-Investors-Service/jenny-ui/pull/478#discussion_r2897943462,peer_pr
review,COMMENTED,3906116848,2026-03-06T21:25:41Z,https://github.com/Moodys-Investors-Service/jenny-ui/pull/478,https://github.com/Moodys-Investors-Service/jenny-ui/pull/478#pullrequestreview-3906116848,peer_pr
inline_comment,,2897952119,2026-03-06T21:28:27Z,https://github.com/Moodys-Investors-Service/jenny-ui/pull/478,https://github.com/Moodys-Investors-Service/jenny-ui/pull/478#discussion_r2897952119,peer_pr
review,CHANGES_REQUESTED,3906125892,2026-03-06T21:28:31Z,https://github.com/Moodys-Investors-Service/jenny-ui/pull/478,https://github.com/Moodys-Investors-Service/jenny-ui/pull/478#pullrequestreview-3906125892,peer_pr
review,APPROVED,3906135884,2026-03-06T21:31:35Z,https://github.com/Moodys-Investors-Service/jenny-ui/pull/475,https://github.com/Moodys-Investors-Service/jenny-ui/pull/475#pullrequestreview-3906135884,peer_pr
review,APPROVED,3906242561,2026-03-06T21:58:47Z,https://github.com/Moodys-Investors-Service/jenny-api/pull/331,https://github.com/Moodys-Investors-Service/jenny-api/pull/331#pullrequestreview-3906242561,peer_pr
review,APPROVED,3906244246,2026-03-06T21:59:11Z,https://github.com/Moodys-Investors-Service/jenny-ui/pull/477,https://github.com/Moodys-Investors-Service/jenny-ui/pull/477#pullrequestreview-3906244246,peer_pr
review,APPROVED,3906282856,2026-03-06T22:08:52Z,https://github.com/Moodys-Investors-Service/jenny-ui/pull/478,https://github.com/Moodys-Investors-Service/jenny-ui/pull/478#pullrequestreview-3906282856,peer_pr
review,APPROVED,3916062373,2026-03-09T15:01:07Z,https://github.com/Moodys-Investors-Service/jenny-ui/pull/474,https://github.com/Moodys-Investors-Service/jenny-ui/pull/474#pullrequestreview-3916062373,peer_pr
review,APPROVED,3916071168,2026-03-09T15:02:26Z,https://github.com/Moodys-Investors-Service/jenny-api/pull/328,https://github.com/Moodys-Investors-Service/jenny-api/pull/328#pullrequestreview-3916071168,peer_pr
review,APPROVED,3916479328,2026-03-09T16:02:03Z,https://github.com/Moodys-Investors-Service/ai-model-gateway/pull/110,https://github.com/Moodys-Investors-Service/ai-model-gateway/pull/110#pullrequestreview-3916479328,peer_pr
review,APPROVED,3916865251,2026-03-09T16:59:38Z,https://github.com/Moodys-Investors-Service/jenny-ui/pull/480,https://github.com/Moodys-Investors-Service/jenny-ui/pull/480#pullrequestreview-3916865251,peer_pr
review,APPROVED,3922152900,2026-03-10T12:50:56Z,https://github.com/Moodys-Investors-Service/jenny-api/pull/335,https://github.com/Moodys-Investors-Service/jenny-api/pull/335#pullrequestreview-3922152900,peer_pr
review,APPROVED,3929668492,2026-03-11T13:37:28Z,https://github.com/Moodys-Investors-Service/jenny-api/pull/338,https://github.com/Moodys-Investors-Service/jenny-api/pull/338#pullrequestreview-3929668492,peer_pr
review,DISMISSED,3930271356,2026-03-11T15:01:44Z,https://github.com/Moodys-Investors-Service/jenny-ui/pull/482,https://github.com/Moodys-Investors-Service/jenny-ui/pull/482#pullrequestreview-3930271356,peer_pr
review,APPROVED,3930415962,2026-03-11T15:20:03Z,https://github.com/Moodys-Investors-Service/jenny-ui/pull/483,https://github.com/Moodys-Investors-Service/jenny-ui/pull/483#pullrequestreview-3930415962,peer_pr
review,APPROVED,3936482391,2026-03-12T13:13:34Z,https://github.com/Moodys-Investors-Service/jenny-api/pull/334,https://github.com/Moodys-Investors-Service/jenny-api/pull/334#pullrequestreview-3936482391,peer_pr
review,APPROVED,3936721108,2026-03-12T13:44:49Z,https://github.com/Moodys-Investors-Service/jenny-ui/pull/487,https://github.com/Moodys-Investors-Service/jenny-ui/pull/487#pullrequestreview-3936721108,peer_pr
inline_comment,,2924790205,2026-03-12T13:50:29Z,https://github.com/Moodys-Investors-Service/jenny-ui/pull/488,https://github.com/Moodys-Investors-Service/jenny-ui/pull/488#discussion_r2924790205,peer_pr
inline_comment,,2924799012,2026-03-12T13:51:46Z,https://github.com/Moodys-Investors-Service/jenny-ui/pull/488,https://github.com/Moodys-Investors-Service/jenny-ui/pull/488#discussion_r2924799012,peer_pr
review,APPROVED,3936795001,2026-03-12T13:53:21Z,https://github.com/Moodys-Investors-Service/jenny-ui/pull/482,https://github.com/Moodys-Investors-Service/jenny-ui/pull/482#pullrequestreview-3936795001,peer_pr
review,APPROVED,3936768920,2026-03-12T13:59:32Z,https://github.com/Moodys-Investors-Service/jenny-ui/pull/488,https://github.com/Moodys-Investors-Service/jenny-ui/pull/488#pullrequestreview-3936768920,peer_pr
review,DISMISSED,3937185734,2026-03-12T14:40:12Z,https://github.com/Moodys-Investors-Service/jenny-api/pull/346,https://github.com/Moodys-Investors-Service/jenny-api/pull/346#pullrequestreview-3937185734,peer_pr
discussion_comment,,4047298936,2026-03-12T14:41:12Z,https://github.com/Moodys-Investors-Service/jenny-api/pull/346,https://github.com/Moodys-Investors-Service/jenny-api/pull/346#issuecomment-4047298936,peer_pr
review,APPROVED,3937581522,2026-03-12T15:27:27Z,https://github.com/Moodys-Investors-Service/jenny-api/pull/346,https://github.com/Moodys-Investors-Service/jenny-api/pull/346#pullrequestreview-3937581522,peer_pr
review,APPROVED,3939344926,2026-03-12T19:51:47Z,https://github.com/Moodys-Investors-Service/jenny-ui/pull/497,https://github.com/Moodys-Investors-Service/jenny-ui/pull/497#pullrequestreview-3939344926,peer_pr
inline_comment,,2931643991,2026-03-13T14:41:56Z,https://github.com/Moodys-Investors-Service/jenny-ui/pull/502,https://github.com/Moodys-Investors-Service/jenny-ui/pull/502#discussion_r2931643991,peer_pr
review,COMMENTED,3944533244,2026-03-13T14:41:56Z,https://github.com/Moodys-Investors-Service/jenny-ui/pull/502,https://github.com/Moodys-Investors-Service/jenny-ui/pull/502#pullrequestreview-3944533244,peer_pr
review,APPROVED,3944554504,2026-03-13T14:44:39Z,https://github.com/Moodys-Investors-Service/jenny-ui/pull/502,https://github.com/Moodys-Investors-Service/jenny-ui/pull/502#pullrequestreview-3944554504,peer_pr
review,APPROVED,3944729968,2026-03-13T15:07:15Z,https://github.com/Moodys-Investors-Service/jenny-ui/pull/508,https://github.com/Moodys-Investors-Service/jenny-ui/pull/508#pullrequestreview-3944729968,peer_pr
review,APPROVED,3956398935,2026-03-16T20:11:53Z,https://github.com/Moodys-Investors-Service/jenny-ui/pull/518,https://github.com/Moodys-Investors-Service/jenny-ui/pull/518#pullrequestreview-3956398935,peer_pr
review,APPROVED,3961053946,2026-03-17T14:06:41Z,https://github.com/Moodys-Investors-Service/jenny-api/pull/361,https://github.com/Moodys-Investors-Service/jenny-api/pull/361#pullrequestreview-3961053946,peer_pr
review,APPROVED,3961062817,2026-03-17T14:07:58Z,https://github.com/Moodys-Investors-Service/jenny-ui/pull/520,https://github.com/Moodys-Investors-Service/jenny-ui/pull/520#pullrequestreview-3961062817,peer_pr
review,APPROVED,3962001086,2026-03-17T16:09:06Z,https://github.com/Moodys-Investors-Service/jenny-ui/pull/523,https://github.com/Moodys-Investors-Service/jenny-ui/pull/523#pullrequestreview-3962001086,peer_pr
review,APPROVED,3962658056,2026-03-17T17:51:20Z,https://github.com/Moodys-Investors-Service/ai-model-gateway/pull/112,https://github.com/Moodys-Investors-Service/ai-model-gateway/pull/112#pullrequestreview-3962658056,peer_pr
review,APPROVED,3962967403,2026-03-17T18:41:51Z,https://github.com/Moodys-Investors-Service/ai-model-gateway/pull/113,https://github.com/Moodys-Investors-Service/ai-model-gateway/pull/113#pullrequestreview-3962967403,peer_pr
review,APPROVED,3963197711,2026-03-17T19:19:25Z,https://github.com/Moodys-Investors-Service/jenny-ui/pull/527,https://github.com/Moodys-Investors-Service/jenny-ui/pull/527#pullrequestreview-3963197711,peer_pr
review,APPROVED,3963204376,2026-03-17T19:20:17Z,https://github.com/Moodys-Investors-Service/jenny-ui/pull/528,https://github.com/Moodys-Investors-Service/jenny-ui/pull/528#pullrequestreview-3963204376,peer_pr
review,APPROVED,3963453991,2026-03-17T20:04:10Z,https://github.com/Moodys-Investors-Service/jenny-ui/pull/529,https://github.com/Moodys-Investors-Service/jenny-ui/pull/529#pullrequestreview-3963453991,peer_pr
review,APPROVED,3968063291,2026-03-18T14:00:00Z,https://github.com/Moodys-Investors-Service/jenny-api/pull/364,https://github.com/Moodys-Investors-Service/jenny-api/pull/364#pullrequestreview-3968063291,peer_pr
review,APPROVED,3968064304,2026-03-18T14:00:09Z,https://github.com/Moodys-Investors-Service/jenny-ui/pull/531,https://github.com/Moodys-Investors-Service/jenny-ui/pull/531#pullrequestreview-3968064304,peer_pr
review,APPROVED,3970269683,2026-03-18T19:18:28Z,https://github.com/Moodys-Investors-Service/app-workspace-starter/pull/9,https://github.com/Moodys-Investors-Service/app-workspace-starter/pull/9#pullrequestreview-3970269683,peer_pr
discussion_comment,,4085284333,2026-03-18T20:09:30Z,https://github.com/Moodys-Investors-Service/jenny-api/pull/315,https://github.com/Moodys-Investors-Service/jenny-api/pull/315#issuecomment-4085284333,peer_pr
review,APPROVED,3975175836,2026-03-19T13:35:57Z,https://github.com/Moodys-Investors-Service/jenny-ui/pull/450,https://github.com/Moodys-Investors-Service/jenny-ui/pull/450#pullrequestreview-3975175836,peer_pr
review,APPROVED,3975207059,2026-03-19T13:40:36Z,https://github.com/Moodys-Investors-Service/jenny-api/pull/315,https://github.com/Moodys-Investors-Service/jenny-api/pull/315#pullrequestreview-3975207059,peer_pr
discussion_comment,,4100529226,2026-03-20T19:32:11Z,https://github.com/Moodys-Investors-Service/jenny-ui/pull/521,https://github.com/Moodys-Investors-Service/jenny-ui/pull/521#issuecomment-4100529226,own_pr
inline_comment,,2975081650,2026-03-23T13:35:57Z,https://github.com/Moodys-Investors-Service/jenny-api/pull/382,https://github.com/Moodys-Investors-Service/jenny-api/pull/382#discussion_r2975081650,peer_pr
review,COMMENTED,3991778328,2026-03-23T13:35:57Z,https://github.com/Moodys-Investors-Service/jenny-api/pull/382,https://github.com/Moodys-Investors-Service/jenny-api/pull/382#pullrequestreview-3991778328,peer_pr
inline_comment,,2975093029,2026-03-23T13:37:55Z,https://github.com/Moodys-Investors-Service/jenny-api/pull/382,https://github.com/Moodys-Investors-Service/jenny-api/pull/382#discussion_r2975093029,peer_pr
review,COMMENTED,3991791727,2026-03-23T13:37:55Z,https://github.com/Moodys-Investors-Service/jenny-api/pull/382,https://github.com/Moodys-Investors-Service/jenny-api/pull/382#pullrequestreview-3991791727,peer_pr
inline_comment,,2975096464,2026-03-23T13:38:32Z,https://github.com/Moodys-Investors-Service/jenny-api/pull/382,https://github.com/Moodys-Investors-Service/jenny-api/pull/382#discussion_r2975096464,peer_pr
review,COMMENTED,3991795277,2026-03-23T13:38:32Z,https://github.com/Moodys-Investors-Service/jenny-api/pull/382,https://github.com/Moodys-Investors-Service/jenny-api/pull/382#pullrequestreview-3991795277,peer_pr
review,COMMENTED,3991797268,2026-03-23T13:38:52Z,https://github.com/Moodys-Investors-Service/jenny-api/pull/382,https://github.com/Moodys-Investors-Service/jenny-api/pull/382#pullrequestreview-3991797268,peer_pr
inline_comment,,2975098459,2026-03-23T13:38:53Z,https://github.com/Moodys-Investors-Service/jenny-api/pull/382,https://github.com/Moodys-Investors-Service/jenny-api/pull/382#discussion_r2975098459,peer_pr
inline_comment,,2975099129,2026-03-23T13:39:00Z,https://github.com/Moodys-Investors-Service/jenny-api/pull/382,https://github.com/Moodys-Investors-Service/jenny-api/pull/382#discussion_r2975099129,peer_pr
review,COMMENTED,3991797977,2026-03-23T13:39:00Z,https://github.com/Moodys-Investors-Service/jenny-api/pull/382,https://github.com/Moodys-Investors-Service/jenny-api/pull/382#pullrequestreview-3991797977,peer_pr
inline_comment,,2975101644,2026-03-23T13:39:27Z,https://github.com/Moodys-Investors-Service/jenny-api/pull/382,https://github.com/Moodys-Investors-Service/jenny-api/pull/382#discussion_r2975101644,peer_pr
review,COMMENTED,3991800990,2026-03-23T13:39:27Z,https://github.com/Moodys-Investors-Service/jenny-api/pull/382,https://github.com/Moodys-Investors-Service/jenny-api/pull/382#pullrequestreview-3991800990,peer_pr
inline_comment,,2975103361,2026-03-23T13:39:45Z,https://github.com/Moodys-Investors-Service/jenny-api/pull/382,https://github.com/Moodys-Investors-Service/jenny-api/pull/382#discussion_r2975103361,peer_pr
review,COMMENTED,3991803083,2026-03-23T13:39:45Z,https://github.com/Moodys-Investors-Service/jenny-api/pull/382,https://github.com/Moodys-Investors-Service/jenny-api/pull/382#pullrequestreview-3991803083,peer_pr
inline_comment,,2975104806,2026-03-23T13:40:01Z,https://github.com/Moodys-Investors-Service/jenny-api/pull/382,https://github.com/Moodys-Investors-Service/jenny-api/pull/382#discussion_r2975104806,peer_pr
review,COMMENTED,3991804962,2026-03-23T13:40:01Z,https://github.com/Moodys-Investors-Service/jenny-api/pull/382,https://github.com/Moodys-Investors-Service/jenny-api/pull/382#pullrequestreview-3991804962,peer_pr
inline_comment,,2975105636,2026-03-23T13:40:10Z,https://github.com/Moodys-Investors-Service/jenny-api/pull/382,https://github.com/Moodys-Investors-Service/jenny-api/pull/382#discussion_r2975105636,peer_pr
review,COMMENTED,3991805831,2026-03-23T13:40:10Z,https://github.com/Moodys-Investors-Service/jenny-api/pull/382,https://github.com/Moodys-Investors-Service/jenny-api/pull/382#pullrequestreview-3991805831,peer_pr
inline_comment,,2975117937,2026-03-23T13:42:16Z,https://github.com/Moodys-Investors-Service/jenny-api/pull/382,https://github.com/Moodys-Investors-Service/jenny-api/pull/382#discussion_r2975117937,peer_pr
review,COMMENTED,3991820471,2026-03-23T13:42:16Z,https://github.com/Moodys-Investors-Service/jenny-api/pull/382,https://github.com/Moodys-Investors-Service/jenny-api/pull/382#pullrequestreview-3991820471,peer_pr
inline_comment,,2975128565,2026-03-23T13:44:00Z,https://github.com/Moodys-Investors-Service/jenny-api/pull/382,https://github.com/Moodys-Investors-Service/jenny-api/pull/382#discussion_r2975128565,peer_pr
review,COMMENTED,3991834078,2026-03-23T13:44:00Z,https://github.com/Moodys-Investors-Service/jenny-api/pull/382,https://github.com/Moodys-Investors-Service/jenny-api/pull/382#pullrequestreview-3991834078,peer_pr
review,CHANGES_REQUESTED,3991939580,2026-03-23T13:57:41Z,https://github.com/Moodys-Investors-Service/jenny-api/pull/382,https://github.com/Moodys-Investors-Service/jenny-api/pull/382#pullrequestreview-3991939580,peer_pr
review,APPROVED,3992236396,2026-03-23T14:35:56Z,https://github.com/Moodys-Investors-Service/jenny-ui/pull/545,https://github.com/Moodys-Investors-Service/jenny-ui/pull/545#pullrequestreview-3992236396,peer_pr
review,DISMISSED,3999340691,2026-03-24T13:46:04Z,https://github.com/Moodys-Investors-Service/jenny-ui/pull/550,https://github.com/Moodys-Investors-Service/jenny-ui/pull/550#pullrequestreview-3999340691,peer_pr
review,APPROVED,3999405575,2026-03-24T13:53:25Z,https://github.com/Moodys-Investors-Service/jenny-ui/pull/550,https://github.com/Moodys-Investors-Service/jenny-ui/pull/550#pullrequestreview-3999405575,peer_pr
discussion_comment,,4118698864,2026-03-24T14:21:38Z,https://github.com/Moodys-Investors-Service/jenny-ui/pull/549,https://github.com/Moodys-Investors-Service/jenny-ui/pull/549#issuecomment-4118698864,peer_pr
review,APPROVED,3999630397,2026-03-24T14:22:23Z,https://github.com/Moodys-Investors-Service/jenny-ui/pull/556,https://github.com/Moodys-Investors-Service/jenny-ui/pull/556#pullrequestreview-3999630397,peer_pr
review,APPROVED,3999641767,2026-03-24T14:23:54Z,https://github.com/Moodys-Investors-Service/jenny-ui/pull/555,https://github.com/Moodys-Investors-Service/jenny-ui/pull/555#pullrequestreview-3999641767,peer_pr
review,APPROVED,4001661720,2026-03-24T19:08:30Z,https://github.com/Moodys-Investors-Service/jenny-api/pull/388,https://github.com/Moodys-Investors-Service/jenny-api/pull/388#pullrequestreview-4001661720,peer_pr
review,COMMENTED,4001712580,2026-03-24T19:15:14Z,https://github.com/Moodys-Investors-Service/jenny-ui/pull/558,https://github.com/Moodys-Investors-Service/jenny-ui/pull/558#pullrequestreview-4001712580,peer_pr
review,APPROVED,4001800578,2026-03-24T19:32:16Z,https://github.com/Moodys-Investors-Service/jenny-ui/pull/558,https://github.com/Moodys-Investors-Service/jenny-ui/pull/558#pullrequestreview-4001800578,peer_pr
review,APPROVED,4007116411,2026-03-25T14:27:06Z,https://github.com/Moodys-Investors-Service/jenny-ui/pull/560,https://github.com/Moodys-Investors-Service/jenny-ui/pull/560#pullrequestreview-4007116411,peer_pr
review,APPROVED,4008886612,2026-03-25T18:25:33Z,https://github.com/Jason-Hulbert_moodys/jenny-app/pull/25,https://github.com/Jason-Hulbert_moodys/jenny-app/pull/25#pullrequestreview-4008886612,peer_pr
review,APPROVED,4009067688,2026-03-25T18:52:55Z,https://github.com/Moodys-Investors-Service/jenny-api/pull/392,https://github.com/Moodys-Investors-Service/jenny-api/pull/392#pullrequestreview-4009067688,peer_pr
review,DISMISSED,4009074798,2026-03-25T18:54:24Z,https://github.com/Moodys-Investors-Service/jenny-ui/pull/565,https://github.com/Moodys-Investors-Service/jenny-ui/pull/565#pullrequestreview-4009074798,peer_pr
review,APPROVED,4009230460,2026-03-25T19:19:01Z,https://github.com/Moodys-Investors-Service/jenny-ui/pull/564,https://github.com/Moodys-Investors-Service/jenny-ui/pull/564#pullrequestreview-4009230460,peer_pr
review,APPROVED,4009405647,2026-03-25T19:44:40Z,https://github.com/Moodys-Investors-Service/jenny-ui/pull/565,https://github.com/Moodys-Investors-Service/jenny-ui/pull/565#pullrequestreview-4009405647,peer_pr
inline_comment,,2995403285,2026-03-26T14:33:13Z,https://github.com/Moodys-Investors-Service/jenny-api/pull/393,https://github.com/Moodys-Investors-Service/jenny-api/pull/393#discussion_r2995403285,peer_pr
review,COMMENTED,4014775934,2026-03-26T14:33:13Z,https://github.com/Moodys-Investors-Service/jenny-api/pull/393,https://github.com/Moodys-Investors-Service/jenny-api/pull/393#pullrequestreview-4014775934,peer_pr
inline_comment,,2995409080,2026-03-26T14:33:56Z,https://github.com/Moodys-Investors-Service/jenny-ui/pull/568,https://github.com/Moodys-Investors-Service/jenny-ui/pull/568#discussion_r2995409080,peer_pr
review,COMMENTED,4014782820,2026-03-26T14:33:56Z,https://github.com/Moodys-Investors-Service/jenny-ui/pull/568,https://github.com/Moodys-Investors-Service/jenny-ui/pull/568#pullrequestreview-4014782820,peer_pr
review,APPROVED,4016493679,2026-03-26T18:31:35Z,https://github.com/Moodys-Investors-Service/jenny-ui/pull/569,https://github.com/Moodys-Investors-Service/jenny-ui/pull/569#pullrequestreview-4016493679,peer_pr
review,APPROVED,4016855976,2026-03-26T19:27:46Z,https://github.com/Moodys-Investors-Service/jenny-ui/pull/563,https://github.com/Moodys-Investors-Service/jenny-ui/pull/563#pullrequestreview-4016855976,peer_pr
review,APPROVED,4017081005,2026-03-26T20:10:08Z,https://github.com/Moodys-Investors-Service/ai-model-gateway/pull/117,https://github.com/Moodys-Investors-Service/ai-model-gateway/pull/117#pullrequestreview-4017081005,peer_pr
inline_comment,,3000712204,2026-03-27T12:27:26Z,https://github.com/Moodys-Investors-Service/jenny-ui/pull/568,https://github.com/Moodys-Investors-Service/jenny-ui/pull/568#discussion_r3000712204,peer_pr
review,APPROVED,4020835165,2026-03-27T12:27:31Z,https://github.com/Moodys-Investors-Service/jenny-ui/pull/568,https://github.com/Moodys-Investors-Service/jenny-ui/pull/568#pullrequestreview-4020835165,peer_pr
review,APPROVED,4020853090,2026-03-27T12:31:16Z,https://github.com/Moodys-Investors-Service/jenny-api/pull/393,https://github.com/Moodys-Investors-Service/jenny-api/pull/393#pullrequestreview-4020853090,peer_pr
review,APPROVED,4020858425,2026-03-27T12:32:27Z,https://github.com/Moodys-Investors-Service/jenny-api/pull/396,https://github.com/Moodys-Investors-Service/jenny-api/pull/396#pullrequestreview-4020858425,peer_pr
review,APPROVED,4020881677,2026-03-27T12:36:18Z,https://github.com/Moodys-Investors-Service/jenny-ui/pull/578,https://github.com/Moodys-Investors-Service/jenny-ui/pull/578#pullrequestreview-4020881677,peer_pr
review,APPROVED,4021258698,2026-03-27T13:40:36Z,https://github.com/Moodys-Investors-Service/jenny-api/pull/397,https://github.com/Moodys-Investors-Service/jenny-api/pull/397#pullrequestreview-4021258698,peer_pr
review,APPROVED,4031216455,2026-03-30T14:55:00Z,https://github.com/Moodys-Investors-Service/jenny-api/pull/398,https://github.com/Moodys-Investors-Service/jenny-api/pull/398#pullrequestreview-4031216455,peer_pr
review,APPROVED,4037630358,2026-03-31T13:59:13Z,https://github.com/Moodys-Investors-Service/jenny-ui/pull/589,https://github.com/Moodys-Investors-Service/jenny-ui/pull/589#pullrequestreview-4037630358,peer_pr
review,APPROVED,4037833906,2026-03-31T14:28:25Z,https://github.com/Moodys-Investors-Service/jenny-ui/pull/582,https://github.com/Moodys-Investors-Service/jenny-ui/pull/582#pullrequestreview-4037833906,peer_pr
review,APPROVED,4038213526,2026-03-31T15:22:25Z,https://github.com/Moodys-Investors-Service/jenny-desktop/pull/16,https://github.com/Moodys-Investors-Service/jenny-desktop/pull/16#pullrequestreview-4038213526,peer_pr
review,APPROVED,4040010904,2026-03-31T20:35:20Z,https://github.com/Moodys-Investors-Service/jenny-desktop/pull/17,https://github.com/Moodys-Investors-Service/jenny-desktop/pull/17#pullrequestreview-4040010904,peer_pr
review,APPROVED,4040013694,2026-03-31T20:35:48Z,https://github.com/Moodys-Investors-Service/jenny-desktop/pull/19,https://github.com/Moodys-Investors-Service/jenny-desktop/pull/19#pullrequestreview-4040013694,peer_pr
review,APPROVED,4052503605,2026-04-02T18:43:45Z,https://github.com/Moodys-Investors-Service/jenny-api/pull/382,https://github.com/Moodys-Investors-Service/jenny-api/pull/382#pullrequestreview-4052503605,peer_pr
review,APPROVED,4052546288,2026-04-02T18:49:53Z,https://github.com/Moodys-Investors-Service/jenny-ui/pull/601,https://github.com/Moodys-Investors-Service/jenny-ui/pull/601#pullrequestreview-4052546288,peer_pr
review,APPROVED,4052672636,2026-04-02T19:12:54Z,https://github.com/Moodys-Investors-Service/jenny-ui/pull/603,https://github.com/Moodys-Investors-Service/jenny-ui/pull/603#pullrequestreview-4052672636,peer_pr
review,APPROVED,4052778564,2026-04-02T19:34:39Z,https://github.com/Moodys-Investors-Service/jenny-desktop/pull/34,https://github.com/Moodys-Investors-Service/jenny-desktop/pull/34#pullrequestreview-4052778564,peer_pr
review,APPROVED,4053748807,2026-04-03T00:18:54Z,https://github.com/Moodys-Investors-Service/jenny-desktop/pull/35,https://github.com/Moodys-Investors-Service/jenny-desktop/pull/35#pullrequestreview-4053748807,peer_pr
review,APPROVED,4053864599,2026-04-03T01:24:22Z,https://github.com/Moodys-Investors-Service/jenny-desktop/pull/36,https://github.com/Moodys-Investors-Service/jenny-desktop/pull/36#pullrequestreview-4053864599,peer_pr
review,APPROVED,4053866220,2026-04-03T01:25:19Z,https://github.com/Moodys-Investors-Service/jenny-desktop/pull/37,https://github.com/Moodys-Investors-Service/jenny-desktop/pull/37#pullrequestreview-4053866220,peer_pr
review,APPROVED,4053897186,2026-04-03T01:43:38Z,https://github.com/Moodys-Investors-Service/jenny-desktop/pull/38,https://github.com/Moodys-Investors-Service/jenny-desktop/pull/38#pullrequestreview-4053897186,peer_pr
review,APPROVED,4053978160,2026-04-03T02:26:04Z,https://github.com/Moodys-Investors-Service/jenny-desktop/pull/39,https://github.com/Moodys-Investors-Service/jenny-desktop/pull/39#pullrequestreview-4053978160,peer_pr
review,APPROVED,4053993514,2026-04-03T02:35:15Z,https://github.com/Moodys-Investors-Service/jenny-desktop/pull/40,https://github.com/Moodys-Investors-Service/jenny-desktop/pull/40#pullrequestreview-4053993514,peer_pr
review,APPROVED,4055963976,2026-04-03T14:32:29Z,https://github.com/Moodys-Investors-Service/jenny-desktop/pull/42,https://github.com/Moodys-Investors-Service/jenny-desktop/pull/42#pullrequestreview-4055963976,peer_pr
review,APPROVED,4056592223,2026-04-03T17:39:35Z,https://github.com/Moodys-Investors-Service/jenny-desktop/pull/43,https://github.com/Moodys-Investors-Service/jenny-desktop/pull/43#pullrequestreview-4056592223,peer_pr
discussion_comment,,4184441348,2026-04-03T17:40:29Z,https://github.com/Moodys-Investors-Service/jenny-api/pull/414,https://github.com/Moodys-Investors-Service/jenny-api/pull/414#issuecomment-4184441348,peer_pr
review,APPROVED,4056818652,2026-04-03T18:40:20Z,https://github.com/Moodys-Investors-Service/jenny-desktop/pull/44,https://github.com/Moodys-Investors-Service/jenny-desktop/pull/44#pullrequestreview-4056818652,peer_pr
review,DISMISSED,4058681771,2026-04-04T17:14:47Z,https://github.com/Moodys-Investors-Service/jenny-desktop/pull/46,https://github.com/Moodys-Investors-Service/jenny-desktop/pull/46#pullrequestreview-4058681771,peer_pr
review,APPROVED,4058681894,2026-04-04T17:15:00Z,https://github.com/Moodys-Investors-Service/jenny-desktop/pull/48,https://github.com/Moodys-Investors-Service/jenny-desktop/pull/48#pullrequestreview-4058681894,peer_pr
review,APPROVED,4059786343,2026-04-05T19:52:50Z,https://github.com/Moodys-Investors-Service/jenny-ui/pull/611,https://github.com/Moodys-Investors-Service/jenny-ui/pull/611#pullrequestreview-4059786343,peer_pr
review,APPROVED,4059897705,2026-04-05T22:27:32Z,https://github.com/Moodys-Investors-Service/jenny-desktop/pull/49,https://github.com/Moodys-Investors-Service/jenny-desktop/pull/49#pullrequestreview-4059897705,peer_pr
review,APPROVED,4090457087,2026-04-10T14:47:01Z,https://github.com/Moodys-Investors-Service/jenny-desktop/pull/51,https://github.com/Moodys-Investors-Service/jenny-desktop/pull/51#pullrequestreview-4090457087,peer_pr
review,APPROVED,4091520852,2026-04-10T17:51:06Z,https://github.com/Moodys-Investors-Service/jenny-desktop/pull/52,https://github.com/Moodys-Investors-Service/jenny-desktop/pull/52#pullrequestreview-4091520852,peer_pr
discussion_comment,,4244889091,2026-04-14T14:55:11Z,https://github.com/Moodys-Investors-Service/jenny-ui/pull/652,https://github.com/Moodys-Investors-Service/jenny-ui/pull/652#issuecomment-4244889091,own_pr
review,APPROVED,4108370916,2026-04-14T18:50:07Z,https://github.com/Moodys-Investors-Service/jenny-desktop/pull/53,https://github.com/Moodys-Investors-Service/jenny-desktop/pull/53#pullrequestreview-4108370916,peer_pr
review,APPROVED,4109800430,2026-04-14T23:12:56Z,https://github.com/Moodys-Investors-Service/jenny-desktop/pull/57,https://github.com/Moodys-Investors-Service/jenny-desktop/pull/57#pullrequestreview-4109800430,peer_pr
review,APPROVED,4109915408,2026-04-14T23:38:28Z,https://github.com/Moodys-Investors-Service/jenny-desktop/pull/58,https://github.com/Moodys-Investors-Service/jenny-desktop/pull/58#pullrequestreview-4109915408,peer_pr
review,APPROVED,4114373213,2026-04-15T14:24:09Z,https://github.com/Moodys-Investors-Service/jenny-desktop/pull/59,https://github.com/Moodys-Investors-Service/jenny-desktop/pull/59#pullrequestreview-4114373213,peer_pr
review,APPROVED,4115450032,2026-04-15T17:13:22Z,https://github.com/Moodys-Investors-Service/jenny-api/pull/459,https://github.com/Moodys-Investors-Service/jenny-api/pull/459#pullrequestreview-4115450032,peer_pr
review,APPROVED,4116206050,2026-04-15T19:14:40Z,https://github.com/Moodys-Investors-Service/jenny-ui/pull/686,https://github.com/Moodys-Investors-Service/jenny-ui/pull/686#pullrequestreview-4116206050,peer_pr
review,APPROVED,4116303265,2026-04-15T19:33:27Z,https://github.com/Moodys-Investors-Service/jenny-api/pull/470,https://github.com/Moodys-Investors-Service/jenny-api/pull/470#pullrequestreview-4116303265,peer_pr
review,APPROVED,4116339317,2026-04-15T19:40:00Z,https://github.com/Moodys-Investors-Service/jenny-api/pull/469,https://github.com/Moodys-Investors-Service/jenny-api/pull/469#pullrequestreview-4116339317,peer_pr
review,APPROVED,4122035475,2026-04-16T15:11:24Z,https://github.com/Moodys-Investors-Service/ai-model-gateway/pull/122,https://github.com/Moodys-Investors-Service/ai-model-gateway/pull/122#pullrequestreview-4122035475,peer_pr
review,COMMENTED,4124756738,2026-04-16T22:16:13Z,https://github.com/Moodys-Investors-Service/jenny-api/pull/475,https://github.com/Moodys-Investors-Service/jenny-api/pull/475#pullrequestreview-4124756738,peer_pr
review,APPROVED,4125680734,2026-04-17T02:25:07Z,https://github.com/Moodys-Investors-Service/jenny-api/pull/475,https://github.com/Moodys-Investors-Service/jenny-api/pull/475#pullrequestreview-4125680734,peer_pr
review,APPROVED,4136232551,2026-04-19T16:14:41Z,https://github.com/Moodys-Investors-Service/jenny-api/pull/482,https://github.com/Moodys-Investors-Service/jenny-api/pull/482#pullrequestreview-4136232551,peer_pr
review,APPROVED,4149349657,2026-04-21T16:35:21Z,https://github.com/Moodys-Investors-Service/jenny-ui/pull/729,https://github.com/Moodys-Investors-Service/jenny-ui/pull/729#pullrequestreview-4149349657,peer_pr
review,APPROVED,4150079616,2026-04-21T18:46:03Z,https://github.com/Moodys-Investors-Service/jenny-ui/pull/728,https://github.com/Moodys-Investors-Service/jenny-ui/pull/728#pullrequestreview-4150079616,peer_pr
review,APPROVED,4150110429,2026-04-21T18:52:14Z,https://github.com/Moodys-Investors-Service/jenny-ui/pull/723,https://github.com/Moodys-Investors-Service/jenny-ui/pull/723#pullrequestreview-4150110429,peer_pr
review,APPROVED,4150118176,2026-04-21T18:53:43Z,https://github.com/Moodys-Investors-Service/jenny-ui/pull/726,https://github.com/Moodys-Investors-Service/jenny-ui/pull/726#pullrequestreview-4150118176,peer_pr
review,APPROVED,4150122784,2026-04-21T18:54:36Z,https://github.com/Moodys-Investors-Service/jenny-ui/pull/712,https://github.com/Moodys-Investors-Service/jenny-ui/pull/712#pullrequestreview-4150122784,peer_pr
review,APPROVED,4150510942,2026-04-21T20:11:53Z,https://github.com/Moodys-Investors-Service/jenny-api/pull/492,https://github.com/Moodys-Investors-Service/jenny-api/pull/492#pullrequestreview-4150510942,peer_pr
review,APPROVED,4150511747,2026-04-21T20:12:05Z,https://github.com/Moodys-Investors-Service/jenny-ui/pull/730,https://github.com/Moodys-Investors-Service/jenny-ui/pull/730#pullrequestreview-4150511747,peer_pr
review,APPROVED,4150536250,2026-04-21T20:17:08Z,https://github.com/Moodys-Investors-Service/jenny-ui/pull/720,https://github.com/Moodys-Investors-Service/jenny-ui/pull/720#pullrequestreview-4150536250,peer_pr
review,APPROVED,4150919067,2026-04-21T21:40:17Z,https://github.com/Moodys-Investors-Service/jenny-desktop/pull/65,https://github.com/Moodys-Investors-Service/jenny-desktop/pull/65#pullrequestreview-4150919067,peer_pr
review,APPROVED,4156062013,2026-04-22T15:53:02Z,https://github.com/Moodys-Investors-Service/jenny-api/pull/497,https://github.com/Moodys-Investors-Service/jenny-api/pull/497#pullrequestreview-4156062013,peer_pr
review,APPROVED,4156125349,2026-04-22T16:01:25Z,https://github.com/Moodys-Investors-Service/jenny-ui/pull/732,https://github.com/Moodys-Investors-Service/jenny-ui/pull/732#pullrequestreview-4156125349,peer_pr
review,APPROVED,4156711705,2026-04-22T17:34:15Z,https://github.com/Moodys-Investors-Service/jenny-ui/pull/733,https://github.com/Moodys-Investors-Service/jenny-ui/pull/733#pullrequestreview-4156711705,peer_pr
review,APPROVED,4156716751,2026-04-22T17:35:12Z,https://github.com/Moodys-Investors-Service/jenny-api/pull/510,https://github.com/Moodys-Investors-Service/jenny-api/pull/510#pullrequestreview-4156716751,peer_pr
review,APPROVED,4157482609,2026-04-22T19:44:50Z,https://github.com/Moodys-Investors-Service/jenny-api/pull/511,https://github.com/Moodys-Investors-Service/jenny-api/pull/511#pullrequestreview-4157482609,peer_pr
review,APPROVED,4157487056,2026-04-22T19:45:41Z,https://github.com/Moodys-Investors-Service/jenny-ui/pull/737,https://github.com/Moodys-Investors-Service/jenny-ui/pull/737#pullrequestreview-4157487056,peer_pr
review,APPROVED,4170514178,2026-04-24T12:45:46Z,https://github.com/Moodys-Investors-Service/jenny-ui/pull/717,https://github.com/Moodys-Investors-Service/jenny-ui/pull/717#pullrequestreview-4170514178,peer_pr
review,APPROVED,4171936922,2026-04-24T16:16:32Z,https://github.com/Moodys-Investors-Service/jenny-desktop/pull/67,https://github.com/Moodys-Investors-Service/jenny-desktop/pull/67#pullrequestreview-4171936922,peer_pr
review,APPROVED,4172351460,2026-04-24T17:35:29Z,https://github.com/Moodys-Investors-Service/jenny-desktop/pull/68,https://github.com/Moodys-Investors-Service/jenny-desktop/pull/68#pullrequestreview-4172351460,peer_pr
review,APPROVED,4182020761,2026-04-27T15:06:24Z,https://github.com/Moodys-Investors-Service/jenny-desktop/pull/71,https://github.com/Moodys-Investors-Service/jenny-desktop/pull/71#pullrequestreview-4182020761,peer_pr
review,APPROVED,4183507149,2026-04-27T19:06:56Z,https://github.com/Moodys-Investors-Service/jenny-ui/pull/819,https://github.com/Moodys-Investors-Service/jenny-ui/pull/819#pullrequestreview-4183507149,peer_pr
review,APPROVED,4183782358,2026-04-27T19:55:09Z,https://github.com/Moodys-Investors-Service/jenny-ui/pull/818,https://github.com/Moodys-Investors-Service/jenny-ui/pull/818#pullrequestreview-4183782358,peer_pr
review,APPROVED,4189587078,2026-04-28T14:16:27Z,https://github.com/Moodys-Investors-Service/ai-model-gateway/pull/130,https://github.com/Moodys-Investors-Service/ai-model-gateway/pull/130#pullrequestreview-4189587078,peer_pr
review,APPROVED,4189873663,2026-04-28T14:49:05Z,https://github.com/Moodys-Investors-Service/jenny-api/pull/519,https://github.com/Moodys-Investors-Service/jenny-api/pull/519#pullrequestreview-4189873663,peer_pr
review,APPROVED,4189875912,2026-04-28T14:49:24Z,https://github.com/Moodys-Investors-Service/jenny-ui/pull/828,https://github.com/Moodys-Investors-Service/jenny-ui/pull/828#pullrequestreview-4189875912,peer_pr
review,APPROVED,4189891231,2026-04-28T14:51:33Z,https://github.com/Moodys-Investors-Service/jenny-ui/pull/835,https://github.com/Moodys-Investors-Service/jenny-ui/pull/835#pullrequestreview-4189891231,peer_pr
review,APPROVED,4190357085,2026-04-28T15:48:22Z,https://github.com/Moodys-Investors-Service/jenny-ui/pull/847,https://github.com/Moodys-Investors-Service/jenny-ui/pull/847#pullrequestreview-4190357085,peer_pr
review,APPROVED,4190728881,2026-04-28T16:37:57Z,https://github.com/Moodys-Investors-Service/jenny-desktop/pull/76,https://github.com/Moodys-Investors-Service/jenny-desktop/pull/76#pullrequestreview-4190728881,peer_pr
review,APPROVED,4191052623,2026-04-28T17:25:39Z,https://github.com/Moodys-Investors-Service/jenny-desktop/pull/78,https://github.com/Moodys-Investors-Service/jenny-desktop/pull/78#pullrequestreview-4191052623,peer_pr
review,APPROVED,4191214011,2026-04-28T17:50:29Z,https://github.com/Moodys-Investors-Service/jenny-desktop/pull/77,https://github.com/Moodys-Investors-Service/jenny-desktop/pull/77#pullrequestreview-4191214011,peer_pr
review,DISMISSED,4198715368,2026-04-29T16:09:18Z,https://github.com/Moodys-Investors-Service/jenny-api/pull/527,https://github.com/Moodys-Investors-Service/jenny-api/pull/527#pullrequestreview-4198715368,peer_pr
review,APPROVED,4199614052,2026-04-29T18:19:32Z,https://github.com/Moodys-Investors-Service/jenny-desktop/pull/82,https://github.com/Moodys-Investors-Service/jenny-desktop/pull/82#pullrequestreview-4199614052,peer_pr
review,APPROVED,4199958350,2026-04-29T19:07:13Z,https://github.com/Moodys-Investors-Service/jenny-desktop/pull/83,https://github.com/Moodys-Investors-Service/jenny-desktop/pull/83#pullrequestreview-4199958350,peer_pr
review,APPROVED,4206164826,2026-04-30T14:54:17Z,https://github.com/Moodys-Investors-Service/jenny-api/pull/528,https://github.com/Moodys-Investors-Service/jenny-api/pull/528#pullrequestreview-4206164826,peer_pr
review,APPROVED,4206991434,2026-04-30T16:54:58Z,https://github.com/Moodys-Investors-Service/jenny-desktop/pull/87,https://github.com/Moodys-Investors-Service/jenny-desktop/pull/87#pullrequestreview-4206991434,peer_pr
review,APPROVED,4221247114,2026-05-04T15:16:54Z,https://github.com/Moodys-Investors-Service/jenny-desktop/pull/90,https://github.com/Moodys-Investors-Service/jenny-desktop/pull/90#pullrequestreview-4221247114,peer_pr
inline_comment,,3183198883,2026-05-04T17:12:26Z,https://github.com/Moodys-Investors-Service/jenny-api/pull/540,https://github.com/Moodys-Investors-Service/jenny-api/pull/540#discussion_r3183198883,peer_pr
review,COMMENTED,4221971476,2026-05-04T17:12:32Z,https://github.com/Moodys-Investors-Service/jenny-api/pull/540,https://github.com/Moodys-Investors-Service/jenny-api/pull/540#pullrequestreview-4221971476,peer_pr
review,APPROVED,4222020935,2026-05-04T17:20:15Z,https://github.com/Moodys-Investors-Service/jenny-api/pull/540,https://github.com/Moodys-Investors-Service/jenny-api/pull/540#pullrequestreview-4222020935,peer_pr
review,APPROVED,4222219741,2026-05-04T17:50:13Z,https://github.com/Moodys-Investors-Service/jenny-ui/pull/876,https://github.com/Moodys-Investors-Service/jenny-ui/pull/876#pullrequestreview-4222219741,peer_pr
review,APPROVED,4223040957,2026-05-04T19:55:12Z,https://github.com/Moodys-Investors-Service/jenny-ui/pull/877,https://github.com/Moodys-Investors-Service/jenny-ui/pull/877#pullrequestreview-4223040957,peer_pr
review,APPROVED,4223055783,2026-05-04T19:57:55Z,https://github.com/Moodys-Investors-Service/jenny-api/pull/542,https://github.com/Moodys-Investors-Service/jenny-api/pull/542#pullrequestreview-4223055783,peer_pr
inline_comment,,3189333799,2026-05-05T14:43:11Z,https://github.com/Moodys-Investors-Service/jenny-api/pull/543,https://github.com/Moodys-Investors-Service/jenny-api/pull/543#discussion_r3189333799,peer_pr
review,COMMENTED,4229079437,2026-05-05T14:43:11Z,https://github.com/Moodys-Investors-Service/jenny-api/pull/543,https://github.com/Moodys-Investors-Service/jenny-api/pull/543#pullrequestreview-4229079437,peer_pr
review,CHANGES_REQUESTED,4229082686,2026-05-05T14:43:38Z,https://github.com/Moodys-Investors-Service/jenny-api/pull/543,https://github.com/Moodys-Investors-Service/jenny-api/pull/543#pullrequestreview-4229082686,peer_pr
review,APPROVED,4229247826,2026-05-05T15:02:19Z,https://github.com/Moodys-Investors-Service/jenny-api/pull/543,https://github.com/Moodys-Investors-Service/jenny-api/pull/543#pullrequestreview-4229247826,peer_pr
review,APPROVED,4230432812,2026-05-05T17:52:57Z,https://github.com/Moodys-Investors-Service/jenny-api/pull/547,https://github.com/Moodys-Investors-Service/jenny-api/pull/547#pullrequestreview-4230432812,peer_pr
review,APPROVED,4230434772,2026-05-05T17:53:13Z,https://github.com/Moodys-Investors-Service/jenny-ui/pull/887,https://github.com/Moodys-Investors-Service/jenny-ui/pull/887#pullrequestreview-4230434772,peer_pr
review,APPROVED,4231050240,2026-05-05T19:32:09Z,https://github.com/Moodys-Investors-Service/jenny-api/pull/548,https://github.com/Moodys-Investors-Service/jenny-api/pull/548#pullrequestreview-4231050240,peer_pr
review,APPROVED,4236883964,2026-05-06T14:19:12Z,https://github.com/Moodys-Investors-Service/jenny-ui/pull/859,https://github.com/Moodys-Investors-Service/jenny-ui/pull/859#pullrequestreview-4236883964,peer_pr
review,APPROVED,4237561615,2026-05-06T15:41:28Z,https://github.com/Moodys-Investors-Service/jenny-ui/pull/899,https://github.com/Moodys-Investors-Service/jenny-ui/pull/899#pullrequestreview-4237561615,peer_pr
review,APPROVED,4238434397,2026-05-06T18:09:57Z,https://github.com/Moodys-Investors-Service/jenny-api/pull/551,https://github.com/Moodys-Investors-Service/jenny-api/pull/551#pullrequestreview-4238434397,peer_pr
review,APPROVED,4238633535,2026-05-06T18:46:29Z,https://github.com/Moodys-Investors-Service/jenny-ui/pull/905,https://github.com/Moodys-Investors-Service/jenny-ui/pull/905#pullrequestreview-4238633535,peer_pr
inline_comment,,3203567774,2026-05-07T17:45:18Z,https://github.com/Moodys-Investors-Service/jenny-ui/pull/921,https://github.com/Moodys-Investors-Service/jenny-ui/pull/921#discussion_r3203567774,peer_pr
review,COMMENTED,4246404766,2026-05-07T17:45:18Z,https://github.com/Moodys-Investors-Service/jenny-ui/pull/921,https://github.com/Moodys-Investors-Service/jenny-ui/pull/921#pullrequestreview-4246404766,peer_pr
review,APPROVED,4246413335,2026-05-07T17:46:29Z,https://github.com/Moodys-Investors-Service/jenny-ui/pull/921,https://github.com/Moodys-Investors-Service/jenny-ui/pull/921#pullrequestreview-4246413335,peer_pr
review,APPROVED,4246654480,2026-05-07T18:19:40Z,https://github.com/Moodys-Investors-Service/jenny-api/pull/560,https://github.com/Moodys-Investors-Service/jenny-api/pull/560#pullrequestreview-4246654480,peer_pr
review,APPROVED,4246950464,2026-05-07T19:04:03Z,https://github.com/Moodys-Investors-Service/jenny-ui/pull/922,https://github.com/Moodys-Investors-Service/jenny-ui/pull/922#pullrequestreview-4246950464,peer_pr
review,APPROVED,4247707420,2026-05-07T21:01:36Z,https://github.com/Moodys-Investors-Service/jenny-api/pull/562,https://github.com/Moodys-Investors-Service/jenny-api/pull/562#pullrequestreview-4247707420,peer_pr
inline_comment,,3204681975,2026-05-07T21:03:44Z,https://github.com/Moodys-Investors-Service/ai-model-gateway/pull/131,https://github.com/Moodys-Investors-Service/ai-model-gateway/pull/131#discussion_r3204681975,own_pr
review,COMMENTED,4247719791,2026-05-07T21:03:44Z,https://github.com/Moodys-Investors-Service/ai-model-gateway/pull/131,https://github.com/Moodys-Investors-Service/ai-model-gateway/pull/131#pullrequestreview-4247719791,own_pr
review,APPROVED,4253828011,2026-05-08T16:49:09Z,https://github.com/Moodys-Investors-Service/ai-model-gateway/pull/132,https://github.com/Moodys-Investors-Service/ai-model-gateway/pull/132#pullrequestreview-4253828011,peer_pr
review,APPROVED,4254326323,2026-05-08T18:00:51Z,https://github.com/Moodys-Investors-Service/ai-model-gateway/pull/133,https://github.com/Moodys-Investors-Service/ai-model-gateway/pull/133#pullrequestreview-4254326323,peer_pr
review,APPROVED,4254389254,2026-05-08T18:13:20Z,https://github.com/Moodys-Investors-Service/ai-model-gateway/pull/134,https://github.com/Moodys-Investors-Service/ai-model-gateway/pull/134#pullrequestreview-4254389254,peer_pr
review,APPROVED,4254614892,2026-05-08T18:55:29Z,https://github.com/Moodys-Investors-Service/jenny-desktop/pull/95,https://github.com/Moodys-Investors-Service/jenny-desktop/pull/95#pullrequestreview-4254614892,peer_pr
review,APPROVED,4255466166,2026-05-08T21:20:52Z,https://github.com/Moodys-Investors-Service/jenny-api/pull/566,https://github.com/Moodys-Investors-Service/jenny-api/pull/566#pullrequestreview-4255466166,peer_pr
review,APPROVED,4255754031,2026-05-08T22:20:58Z,https://github.com/Moodys-Investors-Service/jenny-api/pull/567,https://github.com/Moodys-Investors-Service/jenny-api/pull/567#pullrequestreview-4255754031,peer_pr
review,APPROVED,4292831886,2026-05-14T19:31:42Z,https://github.com/Moodys-Investors-Service/jenny-ui/pull/968,https://github.com/Moodys-Investors-Service/jenny-ui/pull/968#pullrequestreview-4292831886,peer_pr
review,APPROVED,4292834502,2026-05-14T19:31:59Z,https://github.com/Moodys-Investors-Service/jenny-api/pull/582,https://github.com/Moodys-Investors-Service/jenny-api/pull/582#pullrequestreview-4292834502,peer_pr
review,APPROVED,4293187716,2026-05-14T20:25:50Z,https://github.com/Moodys-Investors-Service/jenny-desktop/pull/99,https://github.com/Moodys-Investors-Service/jenny-desktop/pull/99#pullrequestreview-4293187716,peer_pr
review,APPROVED,4298654284,2026-05-15T13:55:31Z,https://github.com/Moodys-Investors-Service/jenny-ui/pull/974,https://github.com/Moodys-Investors-Service/jenny-ui/pull/974#pullrequestreview-4298654284,peer_pr
review,APPROVED,4298755736,2026-05-15T14:10:14Z,https://github.com/Moodys-Investors-Service/jenny-ui/pull/979,https://github.com/Moodys-Investors-Service/jenny-ui/pull/979#pullrequestreview-4298755736,peer_pr
review,DISMISSED,4298793888,2026-05-15T14:16:07Z,https://github.com/Moodys-Investors-Service/jenny-api/pull/588,https://github.com/Moodys-Investors-Service/jenny-api/pull/588#pullrequestreview-4298793888,peer_pr
review,APPROVED,4298910820,2026-05-15T14:31:45Z,https://github.com/Moodys-Investors-Service/jenny-api/pull/588,https://github.com/Moodys-Investors-Service/jenny-api/pull/588#pullrequestreview-4298910820,peer_pr
review,APPROVED,4299077964,2026-05-15T14:52:52Z,https://github.com/Moodys-Investors-Service/jenny-api/pull/590,https://github.com/Moodys-Investors-Service/jenny-api/pull/590#pullrequestreview-4299077964,peer_pr
review,APPROVED,4299091947,2026-05-15T14:54:56Z,https://github.com/Moodys-Investors-Service/jenny-desktop/pull/100,https://github.com/Moodys-Investors-Service/jenny-desktop/pull/100#pullrequestreview-4299091947,peer_pr
review,APPROVED,4320231757,2026-05-19T15:05:18Z,https://github.com/Moodys-Investors-Service/jenny-api/pull/598,https://github.com/Moodys-Investors-Service/jenny-api/pull/598#pullrequestreview-4320231757,peer_pr
review,APPROVED,4329159729,2026-05-20T13:57:21Z,https://github.com/Moodys-Investors-Service/ai-model-gateway/pull/137,https://github.com/Moodys-Investors-Service/ai-model-gateway/pull/137#pullrequestreview-4329159729,peer_pr
review,APPROVED,4338497848,2026-05-21T15:53:13Z,https://github.com/Moodys-Investors-Service/jenny-desktop/pull/103,https://github.com/Moodys-Investors-Service/jenny-desktop/pull/103#pullrequestreview-4338497848,peer_pr
review,APPROVED,4345540234,2026-05-22T12:55:14Z,https://github.com/Moodys-Investors-Service/jenny-api/pull/579,https://github.com/Moodys-Investors-Service/jenny-api/pull/579#pullrequestreview-4345540234,peer_pr
review,APPROVED,4345545676,2026-05-22T12:56:00Z,https://github.com/Moodys-Investors-Service/jenny-ui/pull/950,https://github.com/Moodys-Investors-Service/jenny-ui/pull/950#pullrequestreview-4345545676,peer_pr
discussion_comment,,4519240823,2026-05-22T13:44:12Z,https://github.com/Moodys-Investors-Service/jenny-api/pull/541,https://github.com/Moodys-Investors-Service/jenny-api/pull/541#issuecomment-4519240823,own_pr
review,APPROVED,4364734387,2026-05-26T14:46:03Z,https://github.com/Moodys-Investors-Service/jenny-desktop/pull/105,https://github.com/Moodys-Investors-Service/jenny-desktop/pull/105#pullrequestreview-4364734387,peer_pr
review,APPROVED,4364749161,2026-05-26T14:47:50Z,https://github.com/Moodys-Investors-Service/jenny-desktop/pull/106,https://github.com/Moodys-Investors-Service/jenny-desktop/pull/106#pullrequestreview-4364749161,peer_pr
review,APPROVED,4366228775,2026-05-26T17:59:45Z,https://github.com/Moodys-Investors-Service/jenny-api/pull/613,https://github.com/Moodys-Investors-Service/jenny-api/pull/613#pullrequestreview-4366228775,peer_pr
review,APPROVED,4366697204,2026-05-26T19:05:32Z,https://github.com/Moodys-Investors-Service/jenny-ui/pull/1022,https://github.com/Moodys-Investors-Service/jenny-ui/pull/1022#pullrequestreview-4366697204,peer_pr
review,APPROVED,4366713173,2026-05-26T19:07:36Z,https://github.com/Moodys-Investors-Service/jenny-desktop/pull/108,https://github.com/Moodys-Investors-Service/jenny-desktop/pull/108#pullrequestreview-4366713173,peer_pr
review,APPROVED,4372717883,2026-05-27T13:29:25Z,https://github.com/Moodys-Investors-Service/jenny-api/pull/617,https://github.com/Moodys-Investors-Service/jenny-api/pull/617#pullrequestreview-4372717883,peer_pr
review,APPROVED,4372790148,2026-05-27T13:38:28Z,https://github.com/Moodys-Investors-Service/jenny-ui/pull/958,https://github.com/Moodys-Investors-Service/jenny-ui/pull/958#pullrequestreview-4372790148,peer_pr
review,APPROVED,4372798074,2026-05-27T13:39:26Z,https://github.com/Moodys-Investors-Service/jenny-api/pull/614,https://github.com/Moodys-Investors-Service/jenny-api/pull/614#pullrequestreview-4372798074,peer_pr
review,APPROVED,4372926209,2026-05-27T13:55:42Z,https://github.com/Moodys-Investors-Service/jenny-desktop/pull/109,https://github.com/Moodys-Investors-Service/jenny-desktop/pull/109#pullrequestreview-4372926209,peer_pr
review,APPROVED,4374002880,2026-05-27T16:08:44Z,https://github.com/Moodys-Investors-Service/jenny-api/pull/619,https://github.com/Moodys-Investors-Service/jenny-api/pull/619#pullrequestreview-4374002880,peer_pr
review,APPROVED,4375380208,2026-05-27T19:19:54Z,https://github.com/Moodys-Investors-Service/jenny-api/pull/622,https://github.com/Moodys-Investors-Service/jenny-api/pull/622#pullrequestreview-4375380208,peer_pr
review,APPROVED,4375384799,2026-05-27T19:20:43Z,https://github.com/Moodys-Investors-Service/jenny-ui/pull/1036,https://github.com/Moodys-Investors-Service/jenny-ui/pull/1036#pullrequestreview-4375384799,peer_pr
review,COMMENTED,4381736660,2026-05-28T14:15:56Z,https://github.com/Moodys-Investors-Service/emtn-actions/pull/348,https://github.com/Moodys-Investors-Service/emtn-actions/pull/348#pullrequestreview-4381736660,own_pr
inline_comment,,3318406614,2026-05-28T14:15:57Z,https://github.com/Moodys-Investors-Service/emtn-actions/pull/348,https://github.com/Moodys-Investors-Service/emtn-actions/pull/348#discussion_r3318406614,own_pr
review,COMMENTED,4381737802,2026-05-28T14:16:04Z,https://github.com/Moodys-Investors-Service/emtn-actions/pull/348,https://github.com/Moodys-Investors-Service/emtn-actions/pull/348#pullrequestreview-4381737802,own_pr
inline_comment,,3318407465,2026-05-28T14:16:05Z,https://github.com/Moodys-Investors-Service/emtn-actions/pull/348,https://github.com/Moodys-Investors-Service/emtn-actions/pull/348#discussion_r3318407465,own_pr
inline_comment,,3318408045,2026-05-28T14:16:12Z,https://github.com/Moodys-Investors-Service/emtn-actions/pull/348,https://github.com/Moodys-Investors-Service/emtn-actions/pull/348#discussion_r3318408045,own_pr
review,COMMENTED,4381738815,2026-05-28T14:16:12Z,https://github.com/Moodys-Investors-Service/emtn-actions/pull/348,https://github.com/Moodys-Investors-Service/emtn-actions/pull/348#pullrequestreview-4381738815,own_pr
inline_comment,,3318410112,2026-05-28T14:16:31Z,https://github.com/Moodys-Investors-Service/emtn-actions/pull/348,https://github.com/Moodys-Investors-Service/emtn-actions/pull/348#discussion_r3318410112,own_pr
review,COMMENTED,4381741683,2026-05-28T14:16:31Z,https://github.com/Moodys-Investors-Service/emtn-actions/pull/348,https://github.com/Moodys-Investors-Service/emtn-actions/pull/348#pullrequestreview-4381741683,own_pr
inline_comment,,3318411120,2026-05-28T14:16:40Z,https://github.com/Moodys-Investors-Service/emtn-actions/pull/348,https://github.com/Moodys-Investors-Service/emtn-actions/pull/348#discussion_r3318411120,own_pr
review,COMMENTED,4381743049,2026-05-28T14:16:40Z,https://github.com/Moodys-Investors-Service/emtn-actions/pull/348,https://github.com/Moodys-Investors-Service/emtn-actions/pull/348#pullrequestreview-4381743049,own_pr
inline_comment,,3318412091,2026-05-28T14:16:49Z,https://github.com/Moodys-Investors-Service/emtn-actions/pull/348,https://github.com/Moodys-Investors-Service/emtn-actions/pull/348#discussion_r3318412091,own_pr
review,COMMENTED,4381744454,2026-05-28T14:16:49Z,https://github.com/Moodys-Investors-Service/emtn-actions/pull/348,https://github.com/Moodys-Investors-Service/emtn-actions/pull/348#pullrequestreview-4381744454,own_pr
inline_comment,,3318413021,2026-05-28T14:16:58Z,https://github.com/Moodys-Investors-Service/emtn-actions/pull/348,https://github.com/Moodys-Investors-Service/emtn-actions/pull/348#discussion_r3318413021,own_pr
review,COMMENTED,4381745778,2026-05-28T14:16:58Z,https://github.com/Moodys-Investors-Service/emtn-actions/pull/348,https://github.com/Moodys-Investors-Service/emtn-actions/pull/348#pullrequestreview-4381745778,own_pr
inline_comment,,3318413346,2026-05-28T14:17:01Z,https://github.com/Moodys-Investors-Service/emtn-actions/pull/348,https://github.com/Moodys-Investors-Service/emtn-actions/pull/348#discussion_r3318413346,own_pr
review,COMMENTED,4381746167,2026-05-28T14:17:01Z,https://github.com/Moodys-Investors-Service/emtn-actions/pull/348,https://github.com/Moodys-Investors-Service/emtn-actions/pull/348#pullrequestreview-4381746167,own_pr
review,APPROVED,4382565217,2026-05-28T15:56:28Z,https://github.com/Moodys-Investors-Service/jenny-api/pull/630,https://github.com/Moodys-Investors-Service/jenny-api/pull/630#pullrequestreview-4382565217,peer_pr
review,APPROVED,4384210941,2026-05-28T19:47:40Z,https://github.com/Moodys-Investors-Service/ai-model-gateway/pull/141,https://github.com/Moodys-Investors-Service/ai-model-gateway/pull/141#pullrequestreview-4384210941,peer_pr
review,APPROVED,4389627502,2026-05-29T12:49:34Z,https://github.com/Moodys-Investors-Service/jenny-api/pull/632,https://github.com/Moodys-Investors-Service/jenny-api/pull/632#pullrequestreview-4389627502,peer_pr
review,APPROVED,4389638819,2026-05-29T12:51:13Z,https://github.com/Moodys-Investors-Service/jenny-desktop/pull/115,https://github.com/Moodys-Investors-Service/jenny-desktop/pull/115#pullrequestreview-4389638819,peer_pr
review,APPROVED,4390700264,2026-05-29T15:12:01Z,https://github.com/Moodys-Investors-Service/jenny-ui/pull/1047,https://github.com/Moodys-Investors-Service/jenny-ui/pull/1047#pullrequestreview-4390700264,peer_pr
review,APPROVED,4401480311,2026-06-01T13:16:06Z,https://github.com/Moodys-Investors-Service/jenny-desktop/pull/119,https://github.com/Moodys-Investors-Service/jenny-desktop/pull/119#pullrequestreview-4401480311,peer_pr
review,APPROVED,4403940471,2026-06-01T19:11:20Z,https://github.com/Moodys-Investors-Service/jenny-ui/pull/1073,https://github.com/Moodys-Investors-Service/jenny-ui/pull/1073#pullrequestreview-4403940471,peer_pr
review,APPROVED,4410198165,2026-06-02T13:43:15Z,https://github.com/Moodys-Investors-Service/jenny-ui/pull/1076,https://github.com/Moodys-Investors-Service/jenny-ui/pull/1076#pullrequestreview-4410198165,peer_pr
review,APPROVED,4410325223,2026-06-02T13:58:35Z,https://github.com/Moodys-Investors-Service/jenny-ui/pull/1078,https://github.com/Moodys-Investors-Service/jenny-ui/pull/1078#pullrequestreview-4410325223,peer_pr
review,APPROVED,4411361388,2026-06-02T15:48:52Z,https://github.com/Moodys-Investors-Service/jenny-ui/pull/1083,https://github.com/Moodys-Investors-Service/jenny-ui/pull/1083#pullrequestreview-4411361388,peer_pr
review,APPROVED,4412807230,2026-06-02T19:04:12Z,https://github.com/Moodys-Investors-Service/jenny-ui/pull/1088,https://github.com/Moodys-Investors-Service/jenny-ui/pull/1088#pullrequestreview-4412807230,peer_pr
review,APPROVED,4412814347,2026-06-02T19:05:17Z,https://github.com/Moodys-Investors-Service/jenny-ui/pull/1080,https://github.com/Moodys-Investors-Service/jenny-ui/pull/1080#pullrequestreview-4412814347,peer_pr
review,APPROVED,4413376220,2026-06-02T20:26:17Z,https://github.com/Moodys-Investors-Service/jenny-api/pull/645,https://github.com/Moodys-Investors-Service/jenny-api/pull/645#pullrequestreview-4413376220,peer_pr
review,APPROVED,4413384807,2026-06-02T20:27:21Z,https://github.com/Moodys-Investors-Service/jenny-ui/pull/1094,https://github.com/Moodys-Investors-Service/jenny-ui/pull/1094#pullrequestreview-4413384807,peer_pr
review,APPROVED,4418982433,2026-06-03T13:31:55Z,https://github.com/Moodys-Investors-Service/jenny-api/pull/648,https://github.com/Moodys-Investors-Service/jenny-api/pull/648#pullrequestreview-4418982433,peer_pr
review,APPROVED,4418984857,2026-06-03T13:32:11Z,https://github.com/Moodys-Investors-Service/jenny-api/pull/647,https://github.com/Moodys-Investors-Service/jenny-api/pull/647#pullrequestreview-4418984857,peer_pr
inline_comment,,3349064752,2026-06-03T13:57:36Z,https://github.com/Moodys-Investors-Service/jenny-api/pull/649,https://github.com/Moodys-Investors-Service/jenny-api/pull/649#discussion_r3349064752,peer_pr
inline_comment,,3349067760,2026-06-03T13:58:02Z,https://github.com/Moodys-Investors-Service/jenny-api/pull/649,https://github.com/Moodys-Investors-Service/jenny-api/pull/649#discussion_r3349067760,peer_pr
inline_comment,,3349070330,2026-06-03T13:58:21Z,https://github.com/Moodys-Investors-Service/jenny-api/pull/649,https://github.com/Moodys-Investors-Service/jenny-api/pull/649#discussion_r3349070330,peer_pr
inline_comment,,3349072435,2026-06-03T13:58:37Z,https://github.com/Moodys-Investors-Service/jenny-api/pull/649,https://github.com/Moodys-Investors-Service/jenny-api/pull/649#discussion_r3349072435,peer_pr
review,CHANGES_REQUESTED,4419230121,2026-06-03T13:58:56Z,https://github.com/Moodys-Investors-Service/jenny-api/pull/649,https://github.com/Moodys-Investors-Service/jenny-api/pull/649#pullrequestreview-4419230121,peer_pr
inline_comment,,3349197292,2026-06-03T14:15:43Z,https://github.com/Moodys-Investors-Service/jenny-ui/pull/1103,https://github.com/Moodys-Investors-Service/jenny-ui/pull/1103#discussion_r3349197292,peer_pr
review,COMMENTED,4419394130,2026-06-03T14:15:43Z,https://github.com/Moodys-Investors-Service/jenny-ui/pull/1103,https://github.com/Moodys-Investors-Service/jenny-ui/pull/1103#pullrequestreview-4419394130,peer_pr
review,DISMISSED,4419406865,2026-06-03T14:17:20Z,https://github.com/Moodys-Investors-Service/jenny-ui/pull/1103,https://github.com/Moodys-Investors-Service/jenny-ui/pull/1103#pullrequestreview-4419406865,peer_pr
review,APPROVED,4419420359,2026-06-03T14:18:55Z,https://github.com/Moodys-Investors-Service/jenny-ui/pull/1105,https://github.com/Moodys-Investors-Service/jenny-ui/pull/1105#pullrequestreview-4419420359,peer_pr
review,DISMISSED,4420196231,2026-06-03T15:41:14Z,https://github.com/Moodys-Investors-Service/jenny-ui/pull/1106,https://github.com/Moodys-Investors-Service/jenny-ui/pull/1106#pullrequestreview-4420196231,peer_pr
review,APPROVED,4460002521,2026-06-09T15:16:13Z,https://github.com/Moodys-Investors-Service/jenny-ui/pull/1160,https://github.com/Moodys-Investors-Service/jenny-ui/pull/1160#pullrequestreview-4460002521,peer_pr
review,APPROVED,4460008002,2026-06-09T15:16:51Z,https://github.com/Moodys-Investors-Service/jenny-api/pull/691,https://github.com/Moodys-Investors-Service/jenny-api/pull/691#pullrequestreview-4460008002,peer_pr
review,APPROVED,4461455860,2026-06-09T18:41:01Z,https://github.com/Moodys-Investors-Service/jenny-ui/pull/1168,https://github.com/Moodys-Investors-Service/jenny-ui/pull/1168#pullrequestreview-4461455860,peer_pr
review,APPROVED,4461459641,2026-06-09T18:41:40Z,https://github.com/Moodys-Investors-Service/jenny-ui/pull/1172,https://github.com/Moodys-Investors-Service/jenny-ui/pull/1172#pullrequestreview-4461459641,peer_pr
review,DISMISSED,4468292020,2026-06-10T13:33:32Z,https://github.com/Moodys-Investors-Service/jenny-ui/pull/1170,https://github.com/Moodys-Investors-Service/jenny-ui/pull/1170#pullrequestreview-4468292020,peer_pr
review,APPROVED,4468933862,2026-06-10T14:44:11Z,https://github.com/Moodys-Investors-Service/ai-model-gateway/pull/164,https://github.com/Moodys-Investors-Service/ai-model-gateway/pull/164#pullrequestreview-4468933862,peer_pr
review,APPROVED,4469798775,2026-06-10T16:45:37Z,https://github.com/Moodys-Investors-Service/ai-model-gateway/pull/166,https://github.com/Moodys-Investors-Service/ai-model-gateway/pull/166#pullrequestreview-4469798775,peer_pr
review,APPROVED,4471214940,2026-06-10T20:06:13Z,https://github.com/Moodys-Investors-Service/ai-model-gateway/pull/169,https://github.com/Moodys-Investors-Service/ai-model-gateway/pull/169#pullrequestreview-4471214940,peer_pr
review,DISMISSED,4471256836,2026-06-10T20:12:51Z,https://github.com/Moodys-Investors-Service/ai-model-gateway/pull/170,https://github.com/Moodys-Investors-Service/ai-model-gateway/pull/170#pullrequestreview-4471256836,peer_pr
review,APPROVED,4477683181,2026-06-11T14:26:48Z,https://github.com/Moodys-Investors-Service/ai-model-gateway/pull/171,https://github.com/Moodys-Investors-Service/ai-model-gateway/pull/171#pullrequestreview-4477683181,peer_pr
review,APPROVED,4478425158,2026-06-11T15:56:31Z,https://github.com/Moodys-Investors-Service/jenny-api/pull/703,https://github.com/Moodys-Investors-Service/jenny-api/pull/703#pullrequestreview-4478425158,peer_pr
review,APPROVED,4478460773,2026-06-11T16:01:23Z,https://github.com/Moodys-Investors-Service/jenny-api/pull/708,https://github.com/Moodys-Investors-Service/jenny-api/pull/708#pullrequestreview-4478460773,peer_pr
review,APPROVED,4479333680,2026-06-11T18:08:48Z,https://github.com/Moodys-Investors-Service/jenny-api/pull/710,https://github.com/Moodys-Investors-Service/jenny-api/pull/710#pullrequestreview-4479333680,peer_pr
review,APPROVED,4479338649,2026-06-11T18:09:34Z,https://github.com/Moodys-Investors-Service/jenny-api/pull/706,https://github.com/Moodys-Investors-Service/jenny-api/pull/706#pullrequestreview-4479338649,peer_pr
review,APPROVED,4479632451,2026-06-11T18:51:07Z,https://github.com/Moodys-Investors-Service/ai-model-gateway/pull/173,https://github.com/Moodys-Investors-Service/ai-model-gateway/pull/173#pullrequestreview-4479632451,peer_pr
review,APPROVED,4480188181,2026-06-11T20:03:17Z,https://github.com/Moodys-Investors-Service/jenny-api/pull/712,https://github.com/Moodys-Investors-Service/jenny-api/pull/712#pullrequestreview-4480188181,peer_pr
review,APPROVED,4480188986,2026-06-11T20:03:24Z,https://github.com/Moodys-Investors-Service/jenny-api/pull/714,https://github.com/Moodys-Investors-Service/jenny-api/pull/714#pullrequestreview-4480188986,peer_pr
review,APPROVED,4481600915,2026-06-12T01:02:16Z,https://github.com/Moodys-Investors-Service/jenny-ui/pull/1194,https://github.com/Moodys-Investors-Service/jenny-ui/pull/1194#pullrequestreview-4481600915,peer_pr
review,APPROVED,4481833214,2026-06-12T02:10:46Z,https://github.com/Moodys-Investors-Service/jenny-api/pull/702,https://github.com/Moodys-Investors-Service/jenny-api/pull/702#pullrequestreview-4481833214,peer_pr
review,APPROVED,4481835103,2026-06-12T02:11:13Z,https://github.com/Moodys-Investors-Service/jenny-ui/pull/1177,https://github.com/Moodys-Investors-Service/jenny-ui/pull/1177#pullrequestreview-4481835103,peer_pr
review,DISMISSED,4481897045,2026-06-12T02:23:37Z,https://github.com/Moodys-Investors-Service/jenny-api/pull/717,https://github.com/Moodys-Investors-Service/jenny-api/pull/717#pullrequestreview-4481897045,peer_pr
review,APPROVED,4481898335,2026-06-12T02:23:53Z,https://github.com/Moodys-Investors-Service/jenny-ui/pull/1195,https://github.com/Moodys-Investors-Service/jenny-ui/pull/1195#pullrequestreview-4481898335,peer_pr
review,DISMISSED,4481920995,2026-06-12T02:28:43Z,https://github.com/Moodys-Investors-Service/jenny-api/pull/717,https://github.com/Moodys-Investors-Service/jenny-api/pull/717#pullrequestreview-4481920995,peer_pr
review,APPROVED,4482023376,2026-06-12T02:49:35Z,https://github.com/Moodys-Investors-Service/jenny-api/pull/717,https://github.com/Moodys-Investors-Service/jenny-api/pull/717#pullrequestreview-4482023376,peer_pr
review,APPROVED,4486921474,2026-06-12T15:23:46Z,https://github.com/Moodys-Investors-Service/jenny-api/pull/721,https://github.com/Moodys-Investors-Service/jenny-api/pull/721#pullrequestreview-4486921474,peer_pr
review,APPROVED,4486922960,2026-06-12T15:24:00Z,https://github.com/Moodys-Investors-Service/jenny-api/pull/723,https://github.com/Moodys-Investors-Service/jenny-api/pull/723#pullrequestreview-4486922960,peer_pr
review,APPROVED,4487140651,2026-06-12T15:53:20Z,https://github.com/Moodys-Investors-Service/jenny-ui/pull/1197,https://github.com/Moodys-Investors-Service/jenny-ui/pull/1197#pullrequestreview-4487140651,peer_pr
review,APPROVED,4498000618,2026-06-15T13:53:13Z,https://github.com/Moodys-Investors-Service/jenny-ui/pull/1200,https://github.com/Moodys-Investors-Service/jenny-ui/pull/1200#pullrequestreview-4498000618,peer_pr
review,APPROVED,4499788135,2026-06-15T17:54:15Z,https://github.com/Moodys-Investors-Service/jenny-api/pull/733,https://github.com/Moodys-Investors-Service/jenny-api/pull/733#pullrequestreview-4499788135,peer_pr
review,APPROVED,4500221480,2026-06-15T18:55:33Z,https://github.com/Moodys-Investors-Service/jenny-ui/pull/1219,https://github.com/Moodys-Investors-Service/jenny-ui/pull/1219#pullrequestreview-4500221480,peer_pr
review,APPROVED,4500383002,2026-06-15T19:18:01Z,https://github.com/Moodys-Investors-Service/jenny-api/pull/709,https://github.com/Moodys-Investors-Service/jenny-api/pull/709#pullrequestreview-4500383002,peer_pr
review,APPROVED,4500386227,2026-06-15T19:18:25Z,https://github.com/Moodys-Investors-Service/jenny-ui/pull/1188,https://github.com/Moodys-Investors-Service/jenny-ui/pull/1188#pullrequestreview-4500386227,peer_pr
review,APPROVED,4500389099,2026-06-15T19:18:48Z,https://github.com/Moodys-Investors-Service/jenny-api/pull/753,https://github.com/Moodys-Investors-Service/jenny-api/pull/753#pullrequestreview-4500389099,peer_pr
review,APPROVED,4507515859,2026-06-16T14:44:27Z,https://github.com/Moodys-Investors-Service/jenny-ui/pull/1226,https://github.com/Moodys-Investors-Service/jenny-ui/pull/1226#pullrequestreview-4507515859,peer_pr
review,APPROVED,4507936222,2026-06-16T15:32:01Z,https://github.com/Moodys-Investors-Service/jenny-ui/pull/1230,https://github.com/Moodys-Investors-Service/jenny-ui/pull/1230#pullrequestreview-4507936222,peer_pr
discussion_comment,,4720862811,2026-06-16T16:11:16Z,https://github.com/Moodys-Investors-Service/emtn-actions/pull/368,https://github.com/Moodys-Investors-Service/emtn-actions/pull/368#issuecomment-4720862811,peer_pr
review,APPROVED,4508810430,2026-06-16T17:34:49Z,https://github.com/Moodys-Investors-Service/jenny-api/pull/768,https://github.com/Moodys-Investors-Service/jenny-api/pull/768#pullrequestreview-4508810430,peer_pr
review,APPROVED,4508811187,2026-06-16T17:34:58Z,https://github.com/Moodys-Investors-Service/jenny-api/pull/767,https://github.com/Moodys-Investors-Service/jenny-api/pull/767#pullrequestreview-4508811187,peer_pr
review,APPROVED,4508812730,2026-06-16T17:35:13Z,https://github.com/Moodys-Investors-Service/jenny-api/pull/764,https://github.com/Moodys-Investors-Service/jenny-api/pull/764#pullrequestreview-4508812730,peer_pr
review,APPROVED,4508814365,2026-06-16T17:35:32Z,https://github.com/Moodys-Investors-Service/jenny-api/pull/763,https://github.com/Moodys-Investors-Service/jenny-api/pull/763#pullrequestreview-4508814365,peer_pr
review,APPROVED,4508815179,2026-06-16T17:35:42Z,https://github.com/Moodys-Investors-Service/jenny-api/pull/762,https://github.com/Moodys-Investors-Service/jenny-api/pull/762#pullrequestreview-4508815179,peer_pr
review,APPROVED,4509178536,2026-06-16T18:24:55Z,https://github.com/Moodys-Investors-Service/jenny-api/pull/770,https://github.com/Moodys-Investors-Service/jenny-api/pull/770#pullrequestreview-4509178536,peer_pr
review,APPROVED,4509182213,2026-06-16T18:25:23Z,https://github.com/Moodys-Investors-Service/jenny-ui/pull/1232,https://github.com/Moodys-Investors-Service/jenny-ui/pull/1232#pullrequestreview-4509182213,peer_pr
review,APPROVED,4509186786,2026-06-16T18:25:55Z,https://github.com/Moodys-Investors-Service/jenny-api/pull/765,https://github.com/Moodys-Investors-Service/jenny-api/pull/765#pullrequestreview-4509186786,peer_pr
review,APPROVED,4509194846,2026-06-16T18:26:54Z,https://github.com/Moodys-Investors-Service/jenny-ui/pull/1234,https://github.com/Moodys-Investors-Service/jenny-ui/pull/1234#pullrequestreview-4509194846,peer_pr
review,APPROVED,4509955794,2026-06-16T20:08:14Z,https://github.com/Moodys-Investors-Service/jenny-ui/pull/1238,https://github.com/Moodys-Investors-Service/jenny-ui/pull/1238#pullrequestreview-4509955794,peer_pr
review,CHANGES_REQUESTED,4510224912,2026-06-16T20:47:41Z,https://github.com/Moodys-Investors-Service/jenny-api/pull/775,https://github.com/Moodys-Investors-Service/jenny-api/pull/775#pullrequestreview-4510224912,peer_pr
review,APPROVED,4516295245,2026-06-17T13:56:09Z,https://github.com/Moodys-Investors-Service/jenny-api/pull/633,https://github.com/Moodys-Investors-Service/jenny-api/pull/633#pullrequestreview-4516295245,peer_pr
review,APPROVED,4516304379,2026-06-17T13:57:15Z,https://github.com/Moodys-Investors-Service/jenny-api/pull/633,https://github.com/Moodys-Investors-Service/jenny-api/pull/633#pullrequestreview-4516304379,peer_pr
review,DISMISSED,4516751953,2026-06-17T14:48:03Z,https://github.com/Moodys-Investors-Service/jenny-api/pull/775,https://github.com/Moodys-Investors-Service/jenny-api/pull/775#pullrequestreview-4516751953,peer_pr
review,DISMISSED,4516814998,2026-06-17T14:55:15Z,https://github.com/Moodys-Investors-Service/jenny-api/pull/775,https://github.com/Moodys-Investors-Service/jenny-api/pull/775#pullrequestreview-4516814998,peer_pr
review,APPROVED,4516832964,2026-06-17T14:57:14Z,https://github.com/Moodys-Investors-Service/jenny-api/pull/781,https://github.com/Moodys-Investors-Service/jenny-api/pull/781#pullrequestreview-4516832964,peer_pr
review,APPROVED,4516838449,2026-06-17T14:57:50Z,https://github.com/Moodys-Investors-Service/jenny-api/pull/656,https://github.com/Moodys-Investors-Service/jenny-api/pull/656#pullrequestreview-4516838449,peer_pr
review,APPROVED,4516845303,2026-06-17T14:58:35Z,https://github.com/Moodys-Investors-Service/jenny-api/pull/778,https://github.com/Moodys-Investors-Service/jenny-api/pull/778#pullrequestreview-4516845303,peer_pr
review,APPROVED,4518509577,2026-06-17T18:24:26Z,https://github.com/Moodys-Investors-Service/jenny-api/pull/775,https://github.com/Moodys-Investors-Service/jenny-api/pull/775#pullrequestreview-4518509577,peer_pr
review,APPROVED,4593146499,2026-06-29T15:26:56Z,https://github.com/Moodys-Investors-Service/jenny-ui/pull/1362,https://github.com/Moodys-Investors-Service/jenny-ui/pull/1362#pullrequestreview-4593146499,peer_pr
review,APPROVED,4593150758,2026-06-29T15:27:32Z,https://github.com/Moodys-Investors-Service/jenny-api/pull/852,https://github.com/Moodys-Investors-Service/jenny-api/pull/852#pullrequestreview-4593150758,peer_pr
review,APPROVED,4593152960,2026-06-29T15:27:51Z,https://github.com/Moodys-Investors-Service/jenny-api/pull/851,https://github.com/Moodys-Investors-Service/jenny-api/pull/851#pullrequestreview-4593152960,peer_pr
review,APPROVED,4595064906,2026-06-29T20:12:48Z,https://github.com/Moodys-Investors-Service/jenny-api/pull/863,https://github.com/Moodys-Investors-Service/jenny-api/pull/863#pullrequestreview-4595064906,peer_pr
review,APPROVED,4595083658,2026-06-29T20:16:08Z,https://github.com/Moodys-Investors-Service/jenny-ui/pull/1375,https://github.com/Moodys-Investors-Service/jenny-ui/pull/1375#pullrequestreview-4595083658,peer_pr
review,APPROVED,4595219188,2026-06-29T20:39:49Z,https://github.com/Moodys-Investors-Service/jenny-ui/pull/1368,https://github.com/Moodys-Investors-Service/jenny-ui/pull/1368#pullrequestreview-4595219188,peer_pr
review,APPROVED,4595220217,2026-06-29T20:40:01Z,https://github.com/Moodys-Investors-Service/jenny-ui/pull/1365,https://github.com/Moodys-Investors-Service/jenny-ui/pull/1365#pullrequestreview-4595220217,peer_pr
review,APPROVED,4602458257,2026-06-30T16:59:32Z,https://github.com/Moodys-Investors-Service/jenny-desktop/pull/243,https://github.com/Moodys-Investors-Service/jenny-desktop/pull/243#pullrequestreview-4602458257,peer_pr
review,APPROVED,4602462435,2026-06-30T17:00:02Z,https://github.com/Moodys-Investors-Service/jenny-desktop/pull/245,https://github.com/Moodys-Investors-Service/jenny-desktop/pull/245#pullrequestreview-4602462435,peer_pr
review,APPROVED,4602466486,2026-06-30T17:00:31Z,https://github.com/Moodys-Investors-Service/jenny-desktop/pull/247,https://github.com/Moodys-Investors-Service/jenny-desktop/pull/247#pullrequestreview-4602466486,peer_pr
review,APPROVED,4602471936,2026-06-30T17:01:11Z,https://github.com/Moodys-Investors-Service/jenny-desktop/pull/249,https://github.com/Moodys-Investors-Service/jenny-desktop/pull/249#pullrequestreview-4602471936,peer_pr
review,APPROVED,4602477186,2026-06-30T17:01:54Z,https://github.com/Moodys-Investors-Service/jenny-desktop/pull/251,https://github.com/Moodys-Investors-Service/jenny-desktop/pull/251#pullrequestreview-4602477186,peer_pr
review,APPROVED,4602480988,2026-06-30T17:02:28Z,https://github.com/Moodys-Investors-Service/jenny-desktop/pull/253,https://github.com/Moodys-Investors-Service/jenny-desktop/pull/253#pullrequestreview-4602480988,peer_pr
review,APPROVED,4602884662,2026-06-30T17:59:10Z,https://github.com/Moodys-Investors-Service/jenny-api/pull/879,https://github.com/Moodys-Investors-Service/jenny-api/pull/879#pullrequestreview-4602884662,peer_pr
review,APPROVED,4603077499,2026-06-30T18:28:01Z,https://github.com/Moodys-Investors-Service/jenny-ui/pull/1392,https://github.com/Moodys-Investors-Service/jenny-ui/pull/1392#pullrequestreview-4603077499,peer_pr
review,APPROVED,4603080622,2026-06-30T18:28:33Z,https://github.com/Moodys-Investors-Service/jenny-ui/pull/1389,https://github.com/Moodys-Investors-Service/jenny-ui/pull/1389#pullrequestreview-4603080622,peer_pr
review,APPROVED,4603143728,2026-06-30T18:40:03Z,https://github.com/Moodys-Investors-Service/jenny-api/pull/891,https://github.com/Moodys-Investors-Service/jenny-api/pull/891#pullrequestreview-4603143728,peer_pr
review,APPROVED,4609600155,2026-07-01T13:45:14Z,https://github.com/Moodys-Investors-Service/ai-model-gateway/pull/176,https://github.com/Moodys-Investors-Service/ai-model-gateway/pull/176#pullrequestreview-4609600155,peer_pr
review,APPROVED,4610289211,2026-07-01T15:04:53Z,https://github.com/Moodys-Investors-Service/jenny-api/pull/896,https://github.com/Moodys-Investors-Service/jenny-api/pull/896#pullrequestreview-4610289211,peer_pr
review,APPROVED,4611708549,2026-07-01T17:51:27Z,https://github.com/Moodys-Investors-Service/jenny-api/pull/900,https://github.com/Moodys-Investors-Service/jenny-api/pull/900#pullrequestreview-4611708549,peer_pr
review,APPROVED,4611713735,2026-07-01T17:52:14Z,https://github.com/Moodys-Investors-Service/jenny-ui/pull/1406,https://github.com/Moodys-Investors-Service/jenny-ui/pull/1406#pullrequestreview-4611713735,peer_pr
review,DISMISSED,4611751417,2026-07-01T17:57:15Z,https://github.com/Moodys-Investors-Service/jenny-ui/pull/1403,https://github.com/Moodys-Investors-Service/jenny-ui/pull/1403#pullrequestreview-4611751417,peer_pr
review,APPROVED,4612162748,2026-07-01T19:05:00Z,https://github.com/Moodys-Investors-Service/jenny-api/pull/902,https://github.com/Moodys-Investors-Service/jenny-api/pull/902#pullrequestreview-4612162748,peer_pr
review,APPROVED,4612375369,2026-07-01T19:41:13Z,https://github.com/Moodys-Investors-Service/jenny-api/pull/903,https://github.com/Moodys-Investors-Service/jenny-api/pull/903#pullrequestreview-4612375369,peer_pr
review,APPROVED,4638252999,2026-07-06T17:28:26Z,https://github.com/Moodys-Investors-Service/jenny-ui/pull/1413,https://github.com/Moodys-Investors-Service/jenny-ui/pull/1413#pullrequestreview-4638252999,peer_pr
review,APPROVED,4639030726,2026-07-06T19:18:18Z,https://github.com/Moodys-Investors-Service/jenny-ui/pull/1417,https://github.com/Moodys-Investors-Service/jenny-ui/pull/1417#pullrequestreview-4639030726,peer_pr
review,APPROVED,4639032091,2026-07-06T19:18:33Z,https://github.com/Moodys-Investors-Service/jenny-api/pull/910,https://github.com/Moodys-Investors-Service/jenny-api/pull/910#pullrequestreview-4639032091,peer_pr
review,DISMISSED,4639234840,2026-07-06T19:48:29Z,https://github.com/Moodys-Investors-Service/jenny-ui/pull/1414,https://github.com/Moodys-Investors-Service/jenny-ui/pull/1414#pullrequestreview-4639234840,peer_pr
inline_comment,,3537722462,2026-07-07T15:32:18Z,https://github.com/Moodys-Investors-Service/jenny-ui/pull/1422,https://github.com/Moodys-Investors-Service/jenny-ui/pull/1422#discussion_r3537722462,peer_pr
review,COMMENTED,4646635519,2026-07-07T15:32:18Z,https://github.com/Moodys-Investors-Service/jenny-ui/pull/1422,https://github.com/Moodys-Investors-Service/jenny-ui/pull/1422#pullrequestreview-4646635519,peer_pr
inline_comment,,3537742717,2026-07-07T15:35:24Z,https://github.com/Moodys-Investors-Service/jenny-ui/pull/1422,https://github.com/Moodys-Investors-Service/jenny-ui/pull/1422#discussion_r3537742717,peer_pr
review,CHANGES_REQUESTED,4646658499,2026-07-07T15:35:48Z,https://github.com/Moodys-Investors-Service/jenny-ui/pull/1422,https://github.com/Moodys-Investors-Service/jenny-ui/pull/1422#pullrequestreview-4646658499,peer_pr
review,APPROVED,4646820237,2026-07-07T15:55:35Z,https://github.com/Moodys-Investors-Service/jenny-ui/pull/1420,https://github.com/Moodys-Investors-Service/jenny-ui/pull/1420#pullrequestreview-4646820237,peer_pr
review,APPROVED,4646825666,2026-07-07T15:56:19Z,https://github.com/Moodys-Investors-Service/jenny-ui/pull/1408,https://github.com/Moodys-Investors-Service/jenny-ui/pull/1408#pullrequestreview-4646825666,peer_pr
review,APPROVED,4646830183,2026-07-07T15:56:56Z,https://github.com/Moodys-Investors-Service/jenny-api/pull/905,https://github.com/Moodys-Investors-Service/jenny-api/pull/905#pullrequestreview-4646830183,peer_pr
review,APPROVED,4646830988,2026-07-07T15:57:02Z,https://github.com/Moodys-Investors-Service/jenny-ui/pull/1412,https://github.com/Moodys-Investors-Service/jenny-ui/pull/1412#pullrequestreview-4646830988,peer_pr
review,APPROVED,4646836245,2026-07-07T15:57:38Z,https://github.com/Moodys-Investors-Service/jenny-ui/pull/1422,https://github.com/Moodys-Investors-Service/jenny-ui/pull/1422#pullrequestreview-4646836245,peer_pr
review,APPROVED,4648301883,2026-07-07T19:29:50Z,https://github.com/Moodys-Investors-Service/jenny-ui/pull/1414,https://github.com/Moodys-Investors-Service/jenny-ui/pull/1414#pullrequestreview-4648301883,peer_pr
review,DISMISSED,4648417516,2026-07-07T19:48:45Z,https://github.com/Moodys-Investors-Service/jenny-ui/pull/1424,https://github.com/Moodys-Investors-Service/jenny-ui/pull/1424#pullrequestreview-4648417516,peer_pr
review,APPROVED,4655159917,2026-07-08T14:36:23Z,https://github.com/Moodys-Investors-Service/ai-model-gateway/pull/179,https://github.com/Moodys-Investors-Service/ai-model-gateway/pull/179#pullrequestreview-4655159917,peer_pr
review,APPROVED,4655329302,2026-07-08T14:55:54Z,https://github.com/Moodys-Investors-Service/jenny-ui/pull/1404,https://github.com/Moodys-Investors-Service/jenny-ui/pull/1404#pullrequestreview-4655329302,peer_pr
review,APPROVED,4655622047,2026-07-08T15:28:34Z,https://github.com/Moodys-Investors-Service/ai-model-gateway/pull/180,https://github.com/Moodys-Investors-Service/ai-model-gateway/pull/180#pullrequestreview-4655622047,peer_pr
review,APPROVED,4656045402,2026-07-08T16:22:28Z,https://github.com/Moodys-Investors-Service/jenny-api/pull/921,https://github.com/Moodys-Investors-Service/jenny-api/pull/921#pullrequestreview-4656045402,peer_pr
review,APPROVED,4663331212,2026-07-09T13:23:01Z,https://github.com/Moodys-Investors-Service/jenny-ui/pull/1426,https://github.com/Moodys-Investors-Service/jenny-ui/pull/1426#pullrequestreview-4663331212,peer_pr
review,APPROVED,4665494526,2026-07-09T17:56:20Z,https://github.com/Moodys-Investors-Service/jenny-ui/pull/1430,https://github.com/Moodys-Investors-Service/jenny-ui/pull/1430#pullrequestreview-4665494526,peer_pr
inline_comment,,3553736246,2026-07-09T17:58:06Z,https://github.com/Moodys-Investors-Service/jenny-api/pull/928,https://github.com/Moodys-Investors-Service/jenny-api/pull/928#discussion_r3553736246,peer_pr
review,COMMENTED,4665505928,2026-07-09T17:58:06Z,https://github.com/Moodys-Investors-Service/jenny-api/pull/928,https://github.com/Moodys-Investors-Service/jenny-api/pull/928#pullrequestreview-4665505928,peer_pr
review,APPROVED,4665563098,2026-07-09T18:06:47Z,https://github.com/Moodys-Investors-Service/ai-model-gateway/pull/181,https://github.com/Moodys-Investors-Service/ai-model-gateway/pull/181#pullrequestreview-4665563098,peer_pr
review,APPROVED,4665659175,2026-07-09T18:21:47Z,https://github.com/Moodys-Investors-Service/jenny-ui/pull/1431,https://github.com/Moodys-Investors-Service/jenny-ui/pull/1431#pullrequestreview-4665659175,peer_pr
review,APPROVED,4666103989,2026-07-09T19:24:39Z,https://github.com/Moodys-Investors-Service/jenny-ui/pull/1432,https://github.com/Moodys-Investors-Service/jenny-ui/pull/1432#pullrequestreview-4666103989,peer_pr
review,APPROVED,4666113760,2026-07-09T19:26:17Z,https://github.com/Moodys-Investors-Service/jenny-api/pull/929,https://github.com/Moodys-Investors-Service/jenny-api/pull/929#pullrequestreview-4666113760,peer_pr
review,APPROVED,4666139617,2026-07-09T19:30:08Z,https://github.com/Moodys-Investors-Service/jenny-api/pull/924,https://github.com/Moodys-Investors-Service/jenny-api/pull/924#pullrequestreview-4666139617,peer_pr
review,APPROVED,4666141256,2026-07-09T19:30:24Z,https://github.com/Moodys-Investors-Service/jenny-ui/pull/1427,https://github.com/Moodys-Investors-Service/jenny-ui/pull/1427#pullrequestreview-4666141256,peer_pr
review,APPROVED,4672698048,2026-07-10T15:15:30Z,https://github.com/Moodys-Investors-Service/jenny-api/pull/932,https://github.com/Moodys-Investors-Service/jenny-api/pull/932#pullrequestreview-4672698048,peer_pr
review,APPROVED,4673177474,2026-07-10T16:23:25Z,https://github.com/Moodys-Investors-Service/jenny-api/pull/933,https://github.com/Moodys-Investors-Service/jenny-api/pull/933#pullrequestreview-4673177474,peer_pr
review,APPROVED,4685488278,2026-07-13T14:10:51Z,https://github.com/Moodys-Investors-Service/jenny-ui/pull/1449,https://github.com/Moodys-Investors-Service/jenny-ui/pull/1449#pullrequestreview-4685488278,peer_pr
review,APPROVED,4685504933,2026-07-13T14:12:36Z,https://github.com/Moodys-Investors-Service/jenny-ui/pull/1443,https://github.com/Moodys-Investors-Service/jenny-ui/pull/1443#pullrequestreview-4685504933,peer_pr
review,APPROVED,4685509334,2026-07-13T14:13:07Z,https://github.com/Moodys-Investors-Service/jenny-ui/pull/1442,https://github.com/Moodys-Investors-Service/jenny-ui/pull/1442#pullrequestreview-4685509334,peer_pr
inline_comment,,3571518474,2026-07-13T14:36:03Z,https://github.com/Moodys-Investors-Service/jenny-ui/pull/1441,https://github.com/Moodys-Investors-Service/jenny-ui/pull/1441#discussion_r3571518474,peer_pr
review,COMMENTED,4685719735,2026-07-13T14:36:03Z,https://github.com/Moodys-Investors-Service/jenny-ui/pull/1441,https://github.com/Moodys-Investors-Service/jenny-ui/pull/1441#pullrequestreview-4685719735,peer_pr
inline_comment,,3571518839,2026-07-13T14:36:07Z,https://github.com/Moodys-Investors-Service/jenny-ui/pull/1441,https://github.com/Moodys-Investors-Service/jenny-ui/pull/1441#discussion_r3571518839,peer_pr
review,COMMENTED,4685720205,2026-07-13T14:36:07Z,https://github.com/Moodys-Investors-Service/jenny-ui/pull/1441,https://github.com/Moodys-Investors-Service/jenny-ui/pull/1441#pullrequestreview-4685720205,peer_pr
review,APPROVED,4685731757,2026-07-13T14:37:35Z,https://github.com/Moodys-Investors-Service/jenny-ui/pull/1450,https://github.com/Moodys-Investors-Service/jenny-ui/pull/1450#pullrequestreview-4685731757,peer_pr
review,APPROVED,4685738215,2026-07-13T14:38:18Z,https://github.com/Moodys-Investors-Service/jenny-ui/pull/1445,https://github.com/Moodys-Investors-Service/jenny-ui/pull/1445#pullrequestreview-4685738215,peer_pr
review,APPROVED,4685905850,2026-07-13T14:56:03Z,https://github.com/Moodys-Investors-Service/jenny-ui/pull/1446,https://github.com/Moodys-Investors-Service/jenny-ui/pull/1446#pullrequestreview-4685905850,peer_pr
review,APPROVED,4685908895,2026-07-13T14:56:26Z,https://github.com/Moodys-Investors-Service/jenny-ui/pull/1447,https://github.com/Moodys-Investors-Service/jenny-ui/pull/1447#pullrequestreview-4685908895,peer_pr
review,DISMISSED,4686050428,2026-07-13T15:12:36Z,https://github.com/Moodys-Investors-Service/jenny-api/pull/938,https://github.com/Moodys-Investors-Service/jenny-api/pull/938#pullrequestreview-4686050428,peer_pr
review,APPROVED,4686055786,2026-07-13T15:13:16Z,https://github.com/Moodys-Investors-Service/jenny-ui/pull/1452,https://github.com/Moodys-Investors-Service/jenny-ui/pull/1452#pullrequestreview-4686055786,peer_pr
review,DISMISSED,4686083590,2026-07-13T15:16:49Z,https://github.com/Moodys-Investors-Service/jenny-ui/pull/1453,https://github.com/Moodys-Investors-Service/jenny-ui/pull/1453#pullrequestreview-4686083590,peer_pr
review,APPROVED,4686125631,2026-07-13T15:21:49Z,https://github.com/Moodys-Investors-Service/jenny-ui/pull/1455,https://github.com/Moodys-Investors-Service/jenny-ui/pull/1455#pullrequestreview-4686125631,peer_pr
review,APPROVED,4686226254,2026-07-13T15:33:13Z,https://github.com/Moodys-Investors-Service/jenny-ui/pull/1454,https://github.com/Moodys-Investors-Service/jenny-ui/pull/1454#pullrequestreview-4686226254,peer_pr
review,APPROVED,4686236025,2026-07-13T15:34:14Z,https://github.com/Moodys-Investors-Service/jenny-ui/pull/1456,https://github.com/Moodys-Investors-Service/jenny-ui/pull/1456#pullrequestreview-4686236025,peer_pr
discussion_comment,,4959858448,2026-07-13T15:51:29Z,https://github.com/Moodys-Investors-Service/jenny-api/pull/940,https://github.com/Moodys-Investors-Service/jenny-api/pull/940#issuecomment-4959858448,peer_pr
discussion_comment,,4959869283,2026-07-13T15:52:42Z,https://github.com/Moodys-Investors-Service/jenny-api/pull/938,https://github.com/Moodys-Investors-Service/jenny-api/pull/938#issuecomment-4959869283,peer_pr
review,APPROVED,4686689476,2026-07-13T16:28:01Z,https://github.com/Moodys-Investors-Service/jenny-ui/pull/1459,https://github.com/Moodys-Investors-Service/jenny-ui/pull/1459#pullrequestreview-4686689476,peer_pr
review,APPROVED,4686694789,2026-07-13T16:28:44Z,https://github.com/Moodys-Investors-Service/jenny-ui/pull/1461,https://github.com/Moodys-Investors-Service/jenny-ui/pull/1461#pullrequestreview-4686694789,peer_pr
review,APPROVED,4686765016,2026-07-13T16:37:44Z,https://github.com/Moodys-Investors-Service/jenny-api/pull/938,https://github.com/Moodys-Investors-Service/jenny-api/pull/938#pullrequestreview-4686765016,peer_pr
review,APPROVED,4686834249,2026-07-13T16:45:41Z,https://github.com/Moodys-Investors-Service/jenny-ui/pull/1460,https://github.com/Moodys-Investors-Service/jenny-ui/pull/1460#pullrequestreview-4686834249,peer_pr
review,APPROVED,4686839532,2026-07-13T16:46:20Z,https://github.com/Moodys-Investors-Service/jenny-ui/pull/1462,https://github.com/Moodys-Investors-Service/jenny-ui/pull/1462#pullrequestreview-4686839532,peer_pr
inline_comment,,3572746109,2026-07-13T17:25:16Z,https://github.com/Moodys-Investors-Service/ai-model-gateway/pull/182,https://github.com/Moodys-Investors-Service/ai-model-gateway/pull/182#discussion_r3572746109,peer_pr
review,COMMENTED,4687149661,2026-07-13T17:25:16Z,https://github.com/Moodys-Investors-Service/ai-model-gateway/pull/182,https://github.com/Moodys-Investors-Service/ai-model-gateway/pull/182#pullrequestreview-4687149661,peer_pr
review,APPROVED,4687927600,2026-07-13T19:10:44Z,https://github.com/Moodys-Investors-Service/jenny-ui/pull/1433,https://github.com/Moodys-Investors-Service/jenny-ui/pull/1433#pullrequestreview-4687927600,peer_pr
review,APPROVED,4687950597,2026-07-13T19:14:00Z,https://github.com/Moodys-Investors-Service/jenny-api/pull/947,https://github.com/Moodys-Investors-Service/jenny-api/pull/947#pullrequestreview-4687950597,peer_pr
review,APPROVED,4687962134,2026-07-13T19:15:31Z,https://github.com/Moodys-Investors-Service/jenny-api/pull/936,https://github.com/Moodys-Investors-Service/jenny-api/pull/936#pullrequestreview-4687962134,peer_pr
review,APPROVED,4688201111,2026-07-13T19:48:04Z,https://github.com/Moodys-Investors-Service/jenny-api/pull/943,https://github.com/Moodys-Investors-Service/jenny-api/pull/943#pullrequestreview-4688201111,peer_pr
review,APPROVED,4695394528,2026-07-14T14:34:05Z,https://github.com/Moodys-Investors-Service/jenny-ui/pull/1474,https://github.com/Moodys-Investors-Service/jenny-ui/pull/1474#pullrequestreview-4695394528,peer_pr
review,APPROVED,4696396286,2026-07-14T16:22:56Z,https://github.com/Moodys-Investors-Service/jenny-api/pull/953,https://github.com/Moodys-Investors-Service/jenny-api/pull/953#pullrequestreview-4696396286,peer_pr
review,APPROVED,4696683529,2026-07-14T16:57:21Z,https://github.com/Moodys-Investors-Service/jenny-ui/pull/1466,https://github.com/Moodys-Investors-Service/jenny-ui/pull/1466#pullrequestreview-4696683529,peer_pr
review,DISMISSED,4697276404,2026-07-14T18:14:04Z,https://github.com/Moodys-Investors-Service/jenny-api/pull/952,https://github.com/Moodys-Investors-Service/jenny-api/pull/952#pullrequestreview-4697276404,peer_pr
review,APPROVED,4697318424,2026-07-14T18:18:41Z,https://github.com/Moodys-Investors-Service/jenny-api/pull/955,https://github.com/Moodys-Investors-Service/jenny-api/pull/955#pullrequestreview-4697318424,peer_pr
review,COMMENTED,4698184040,2026-07-14T20:15:17Z,https://github.com/Moodys-Investors-Service/jenny-api/pull/950,https://github.com/Moodys-Investors-Service/jenny-api/pull/950#pullrequestreview-4698184040,peer_pr
review,APPROVED,4698196156,2026-07-14T20:17:04Z,https://github.com/Moodys-Investors-Service/jenny-api/pull/950,https://github.com/Moodys-Investors-Service/jenny-api/pull/950#pullrequestreview-4698196156,peer_pr
discussion_comment,,4973590162,2026-07-14T20:17:24Z,https://github.com/Moodys-Investors-Service/jenny-ui/pull/1473,https://github.com/Moodys-Investors-Service/jenny-ui/pull/1473#issuecomment-4973590162,peer_pr
review,APPROVED,4698202139,2026-07-14T20:18:01Z,https://github.com/Moodys-Investors-Service/jenny-ui/pull/1473,https://github.com/Moodys-Investors-Service/jenny-ui/pull/1473#pullrequestreview-4698202139,peer_pr
review,APPROVED,4705352058,2026-07-15T14:58:36Z,https://github.com/Moodys-Investors-Service/jenny-api/pull/965,https://github.com/Moodys-Investors-Service/jenny-api/pull/965#pullrequestreview-4705352058,peer_pr
review,APPROVED,4705928490,2026-07-15T16:02:41Z,https://github.com/Moodys-Investors-Service/jenny-api/pull/963,https://github.com/Moodys-Investors-Service/jenny-api/pull/963#pullrequestreview-4705928490,peer_pr
review,APPROVED,4707596959,2026-07-15T19:45:40Z,https://github.com/Moodys-Investors-Service/jenny-ui/pull/1480,https://github.com/Moodys-Investors-Service/jenny-ui/pull/1480#pullrequestreview-4707596959,peer_pr
review,APPROVED,4715549753,2026-07-16T16:01:55Z,https://github.com/Moodys-Investors-Service/jenny-api/pull/894,https://github.com/Moodys-Investors-Service/jenny-api/pull/894#pullrequestreview-4715549753,peer_pr
review,APPROVED,4715642918,2026-07-16T16:13:25Z,https://github.com/Moodys-Investors-Service/jenny-api/pull/970,https://github.com/Moodys-Investors-Service/jenny-api/pull/970#pullrequestreview-4715642918,peer_pr
review,DISMISSED,4715644729,2026-07-16T16:13:40Z,https://github.com/Moodys-Investors-Service/jenny-api/pull/968,https://github.com/Moodys-Investors-Service/jenny-api/pull/968#pullrequestreview-4715644729,peer_pr
review,APPROVED,4715666898,2026-07-16T16:16:51Z,https://github.com/Moodys-Investors-Service/jenny-api/pull/968,https://github.com/Moodys-Investors-Service/jenny-api/pull/968#pullrequestreview-4715666898,peer_pr
review,APPROVED,4716951080,2026-07-16T19:16:58Z,https://github.com/Moodys-Investors-Service/jenny-api/pull/978,https://github.com/Moodys-Investors-Service/jenny-api/pull/978#pullrequestreview-4716951080,peer_pr
review,APPROVED,4717156960,2026-07-16T19:46:05Z,https://github.com/Moodys-Investors-Service/jenny-ui/pull/1487,https://github.com/Moodys-Investors-Service/jenny-ui/pull/1487#pullrequestreview-4717156960,peer_pr
review,APPROVED,4717159446,2026-07-16T19:46:29Z,https://github.com/Moodys-Investors-Service/jenny-api/pull/981,https://github.com/Moodys-Investors-Service/jenny-api/pull/981#pullrequestreview-4717159446,peer_pr
review,APPROVED,4723986274,2026-07-17T15:28:32Z,https://github.com/Moodys-Investors-Service/jenny-ui/pull/1499,https://github.com/Moodys-Investors-Service/jenny-ui/pull/1499#pullrequestreview-4723986274,peer_pr
review,DISMISSED,4737977576,2026-07-20T18:49:24Z,https://github.com/Moodys-Investors-Service/jenny-api/pull/994,https://github.com/Moodys-Investors-Service/jenny-api/pull/994#pullrequestreview-4737977576,peer_pr
review,APPROVED,4738011854,2026-07-20T18:54:20Z,https://github.com/Moodys-Investors-Service/jenny-ui/pull/1518,https://github.com/Moodys-Investors-Service/jenny-ui/pull/1518#pullrequestreview-4738011854,peer_pr
review,APPROVED,4738041719,2026-07-20T18:58:46Z,https://github.com/Moodys-Investors-Service/jenny-ui/pull/1518,https://github.com/Moodys-Investors-Service/jenny-ui/pull/1518#pullrequestreview-4738041719,peer_pr
review,APPROVED,4738048566,2026-07-20T18:59:50Z,https://github.com/Moodys-Investors-Service/jenny-api/pull/994,https://github.com/Moodys-Investors-Service/jenny-api/pull/994#pullrequestreview-4738048566,peer_pr
review,APPROVED,4738182454,2026-07-20T19:18:20Z,https://github.com/Moodys-Investors-Service/jenny-ui/pull/1517,https://github.com/Moodys-Investors-Service/jenny-ui/pull/1517#pullrequestreview-4738182454,peer_pr
review,APPROVED,4738187160,2026-07-20T19:18:58Z,https://github.com/Moodys-Investors-Service/jenny-api/pull/993,https://github.com/Moodys-Investors-Service/jenny-api/pull/993#pullrequestreview-4738187160,peer_pr
review,APPROVED,4738199019,2026-07-20T19:20:39Z,https://github.com/Moodys-Investors-Service/jenny-api/pull/995,https://github.com/Moodys-Investors-Service/jenny-api/pull/995#pullrequestreview-4738199019,peer_pr
review,APPROVED,4738326643,2026-07-20T19:36:24Z,https://github.com/Moodys-Investors-Service/jenny-api/pull/997,https://github.com/Moodys-Investors-Service/jenny-api/pull/997#pullrequestreview-4738326643,peer_pr
review,DISMISSED,4744639554,2026-07-21T12:41:32Z,https://github.com/Moodys-Investors-Service/jenny-ui/pull/1520,https://github.com/Moodys-Investors-Service/jenny-ui/pull/1520#pullrequestreview-4744639554,peer_pr
review,APPROVED,4744866517,2026-07-21T13:05:52Z,https://github.com/Moodys-Investors-Service/jenny-ui/pull/1520,https://github.com/Moodys-Investors-Service/jenny-ui/pull/1520#pullrequestreview-4744866517,peer_pr
review,APPROVED,4747531983,2026-07-21T17:58:44Z,https://github.com/Moodys-Investors-Service/jenny-ui/pull/1521,https://github.com/Moodys-Investors-Service/jenny-ui/pull/1521#pullrequestreview-4747531983,peer_pr
review,APPROVED,4747536609,2026-07-21T17:59:06Z,https://github.com/Moodys-Investors-Service/jenny-api/pull/1000,https://github.com/Moodys-Investors-Service/jenny-api/pull/1000#pullrequestreview-4747536609,peer_pr
review,APPROVED,4754214141,2026-07-22T12:19:15Z,https://github.com/Moodys-Investors-Service/jenny-api/pull/977,https://github.com/Moodys-Investors-Service/jenny-api/pull/977#pullrequestreview-4754214141,peer_pr
review,APPROVED,4755200374,2026-07-22T14:05:03Z,https://github.com/Moodys-Investors-Service/jenny-ui/pull/1526,https://github.com/Moodys-Investors-Service/jenny-ui/pull/1526#pullrequestreview-4755200374,peer_pr
review,APPROVED,4755407690,2026-07-22T14:24:58Z,https://github.com/Moodys-Investors-Service/jenny-api/pull/1005,https://github.com/Moodys-Investors-Service/jenny-api/pull/1005#pullrequestreview-4755407690,peer_pr
review,APPROVED,4757349466,2026-07-22T18:09:47Z,https://github.com/Moodys-Investors-Service/jenny-api/pull/1008,https://github.com/Moodys-Investors-Service/jenny-api/pull/1008#pullrequestreview-4757349466,peer_pr
review,APPROVED,4757354478,2026-07-22T18:10:16Z,https://github.com/Moodys-Investors-Service/jenny-ui/pull/1495,https://github.com/Moodys-Investors-Service/jenny-ui/pull/1495#pullrequestreview-4757354478,peer_pr
review,APPROVED,4757521034,2026-07-22T18:29:53Z,https://github.com/Moodys-Investors-Service/jenny-api/pull/1007,https://github.com/Moodys-Investors-Service/jenny-api/pull/1007#pullrequestreview-4757521034,peer_pr
review,APPROVED,4757996726,2026-07-22T19:24:13Z,https://github.com/Moodys-Investors-Service/jenny-ui/pull/1532,https://github.com/Moodys-Investors-Service/jenny-ui/pull/1532#pullrequestreview-4757996726,peer_pr
review,APPROVED,4758037877,2026-07-22T19:30:21Z,https://github.com/Moodys-Investors-Service/jenny-api/pull/1009,https://github.com/Moodys-Investors-Service/jenny-api/pull/1009#pullrequestreview-4758037877,peer_pr
review,APPROVED,4758178681,2026-07-22T19:47:11Z,https://github.com/Moodys-Investors-Service/jenny-ui/pull/1534,https://github.com/Moodys-Investors-Service/jenny-ui/pull/1534#pullrequestreview-4758178681,peer_pr
review,APPROVED,4758351657,2026-07-22T20:10:09Z,https://github.com/Moodys-Investors-Service/jenny-ui/pull/1535,https://github.com/Moodys-Investors-Service/jenny-ui/pull/1535#pullrequestreview-4758351657,peer_pr
review,DISMISSED,4764427867,2026-07-23T13:18:31Z,https://github.com/Moodys-Investors-Service/jenny-ui/pull/1538,https://github.com/Moodys-Investors-Service/jenny-ui/pull/1538#pullrequestreview-4764427867,peer_pr
review,APPROVED,4764534889,2026-07-23T13:28:42Z,https://github.com/Moodys-Investors-Service/jenny-ui/pull/1539,https://github.com/Moodys-Investors-Service/jenny-ui/pull/1539#pullrequestreview-4764534889,peer_pr
review,APPROVED,4764594540,2026-07-23T13:35:07Z,https://github.com/Moodys-Investors-Service/jenny-api/pull/1010,https://github.com/Moodys-Investors-Service/jenny-api/pull/1010#pullrequestreview-4764594540,peer_pr
review,APPROVED,4765468936,2026-07-23T15:10:28Z,https://github.com/Moodys-Investors-Service/jenny-ui/pull/1541,https://github.com/Moodys-Investors-Service/jenny-ui/pull/1541#pullrequestreview-4765468936,peer_pr
review,APPROVED,4765470530,2026-07-23T15:10:39Z,https://github.com/Moodys-Investors-Service/jenny-api/pull/1012,https://github.com/Moodys-Investors-Service/jenny-api/pull/1012#pullrequestreview-4765470530,peer_pr
review,APPROVED,4765817625,2026-07-23T15:48:40Z,https://github.com/Moodys-Investors-Service/jenny-ui/pull/1543,https://github.com/Moodys-Investors-Service/jenny-ui/pull/1543#pullrequestreview-4765817625,peer_pr
review,APPROVED,4767271803,2026-07-23T19:00:50Z,https://github.com/Moodys-Investors-Service/jenny-ui/pull/1545,https://github.com/Moodys-Investors-Service/jenny-ui/pull/1545#pullrequestreview-4767271803,peer_pr
review,APPROVED,4767276294,2026-07-23T19:01:23Z,https://github.com/Moodys-Investors-Service/jenny-api/pull/1016,https://github.com/Moodys-Investors-Service/jenny-api/pull/1016#pullrequestreview-4767276294,peer_pr
review,APPROVED,4767292398,2026-07-23T19:03:23Z,https://github.com/Moodys-Investors-Service/jenny-ui/pull/1538,https://github.com/Moodys-Investors-Service/jenny-ui/pull/1538#pullrequestreview-4767292398,peer_pr
review,APPROVED,4767294674,2026-07-23T19:03:41Z,https://github.com/Moodys-Investors-Service/jenny-api/pull/1015,https://github.com/Moodys-Investors-Service/jenny-api/pull/1015#pullrequestreview-4767294674,peer_pr
review,APPROVED,4767466232,2026-07-23T19:26:58Z,https://github.com/Moodys-Investors-Service/jenny-api/pull/1014,https://github.com/Moodys-Investors-Service/jenny-api/pull/1014#pullrequestreview-4767466232,peer_pr
review,APPROVED,4773703091,2026-07-24T13:42:13Z,https://github.com/Moodys-Investors-Service/jenny-ui/pull/1544,https://github.com/Moodys-Investors-Service/jenny-ui/pull/1544#pullrequestreview-4773703091,peer_pr
review,APPROVED,4773728569,2026-07-24T13:45:25Z,https://github.com/Moodys-Investors-Service/jenny-api/pull/1013,https://github.com/Moodys-Investors-Service/jenny-api/pull/1013#pullrequestreview-4773728569,peer_pr
review,APPROVED,4773734776,2026-07-24T13:46:12Z,https://github.com/Moodys-Investors-Service/jenny-api/pull/1019,https://github.com/Moodys-Investors-Service/jenny-api/pull/1019#pullrequestreview-4773734776,peer_pr
review,APPROVED,4773737137,2026-07-24T13:46:31Z,https://github.com/Moodys-Investors-Service/jenny-api/pull/1018,https://github.com/Moodys-Investors-Service/jenny-api/pull/1018#pullrequestreview-4773737137,peer_pr
review,APPROVED,4773738643,2026-07-24T13:46:42Z,https://github.com/Moodys-Investors-Service/jenny-ui/pull/1547,https://github.com/Moodys-Investors-Service/jenny-ui/pull/1547#pullrequestreview-4773738643,peer_pr
review,APPROVED,4787628612,2026-07-27T13:39:47Z,https://github.com/Moodys-Investors-Service/jenny-api/pull/1020,https://github.com/Moodys-Investors-Service/jenny-api/pull/1020#pullrequestreview-4787628612,peer_pr
review,APPROVED,4789881516,2026-07-27T17:42:29Z,https://github.com/Moodys-Investors-Service/jenny-api/pull/1024,https://github.com/Moodys-Investors-Service/jenny-api/pull/1024#pullrequestreview-4789881516,peer_pr
review,APPROVED,4791261672,2026-07-27T20:32:51Z,https://github.com/Moodys-Investors-Service/jenny-ui/pull/1558,https://github.com/Moodys-Investors-Service/jenny-ui/pull/1558#pullrequestreview-4791261672,peer_pr
review,APPROVED,4800157664,2026-07-28T17:30:22Z,https://github.com/Moodys-Investors-Service/jenny-ui/pull/1562,https://github.com/Moodys-Investors-Service/jenny-ui/pull/1562#pullrequestreview-4800157664,peer_pr
review,CHANGES_REQUESTED,4800209576,2026-07-28T17:37:08Z,https://github.com/Moodys-Investors-Service/jenny-api/pull/1031,https://github.com/Moodys-Investors-Service/jenny-api/pull/1031#pullrequestreview-4800209576,peer_pr
review,APPROVED,4800265267,2026-07-28T17:44:16Z,https://github.com/Moodys-Investors-Service/jenny-ui/pull/1570,https://github.com/Moodys-Investors-Service/jenny-ui/pull/1570#pullrequestreview-4800265267,peer_pr
review,APPROVED,4800270233,2026-07-28T17:44:56Z,https://github.com/Moodys-Investors-Service/jenny-ui/pull/1569,https://github.com/Moodys-Investors-Service/jenny-ui/pull/1569#pullrequestreview-4800270233,peer_pr
review,DISMISSED,4800437698,2026-07-28T18:04:54Z,https://github.com/Moodys-Investors-Service/jenny-ui/pull/1568,https://github.com/Moodys-Investors-Service/jenny-ui/pull/1568#pullrequestreview-4800437698,peer_pr
review,APPROVED,4809376539,2026-07-29T14:25:49Z,https://github.com/Moodys-Investors-Service/jenny-ui/pull/1576,https://github.com/Moodys-Investors-Service/jenny-ui/pull/1576#pullrequestreview-4809376539,peer_pr
review,APPROVED,4811831043,2026-07-29T18:47:07Z,https://github.com/Moodys-Investors-Service/jenny-ui/pull/1582,https://github.com/Moodys-Investors-Service/jenny-ui/pull/1582#pullrequestreview-4811831043,peer_pr
review,APPROVED,4811840861,2026-07-29T18:48:18Z,https://github.com/Moodys-Investors-Service/jenny-ui/pull/1566,https://github.com/Moodys-Investors-Service/jenny-ui/pull/1566#pullrequestreview-4811840861,peer_pr
review,APPROVED,4811844807,2026-07-29T18:48:46Z,https://github.com/Moodys-Investors-Service/jenny-api/pull/1044,https://github.com/Moodys-Investors-Service/jenny-api/pull/1044#pullrequestreview-4811844807,peer_pr
review,APPROVED,4811929711,2026-07-29T18:59:04Z,https://github.com/Moodys-Investors-Service/jenny-ui/pull/1585,https://github.com/Moodys-Investors-Service/jenny-ui/pull/1585#pullrequestreview-4811929711,peer_pr
review,APPROVED,4812594549,2026-07-29T20:19:47Z,https://github.com/Moodys-Investors-Service/jenny-ui/pull/1587,https://github.com/Moodys-Investors-Service/jenny-ui/pull/1587#pullrequestreview-4812594549,peer_pr
review,APPROVED,4812597612,2026-07-29T20:20:16Z,https://github.com/Moodys-Investors-Service/jenny-api/pull/1047,https://github.com/Moodys-Investors-Service/jenny-api/pull/1047#pullrequestreview-4812597612,peer_pr
review,APPROVED,4819228954,2026-07-30T13:26:21Z,https://github.com/Moodys-Investors-Service/jenny-ui/pull/1524,https://github.com/Moodys-Investors-Service/jenny-ui/pull/1524#pullrequestreview-4819228954,peer_pr
review,APPROVED,4821972893,2026-07-30T18:20:55Z,https://github.com/Moodys-Investors-Service/jenny-ui/pull/1603,https://github.com/Moodys-Investors-Service/jenny-ui/pull/1603#pullrequestreview-4821972893,peer_pr
review,DISMISSED,4822619878,2026-07-30T19:41:59Z,https://github.com/Moodys-Investors-Service/jenny-ui/pull/1600,https://github.com/Moodys-Investors-Service/jenny-ui/pull/1600#pullrequestreview-4822619878,peer_pr
review,APPROVED,4822796353,2026-07-30T20:03:42Z,https://github.com/Moodys-Investors-Service/jenny-ui/pull/1600,https://github.com/Moodys-Investors-Service/jenny-ui/pull/1600#pullrequestreview-4822796353,peer_pr
review,APPROVED,4822797367,2026-07-30T20:03:50Z,https://github.com/Moodys-Investors-Service/jenny-api/pull/1057,https://github.com/Moodys-Investors-Service/jenny-api/pull/1057#pullrequestreview-4822797367,peer_pr
review,APPROVED,4823002261,2026-07-30T20:32:17Z,https://github.com/Moodys-Investors-Service/jenny-api/pull/1059,https://github.com/Moodys-Investors-Service/jenny-api/pull/1059#pullrequestreview-4823002261,peer_pr
review,APPROVED,4823004208,2026-07-30T20:32:36Z,https://github.com/Moodys-Investors-Service/jenny-ui/pull/1607,https://github.com/Moodys-Investors-Service/jenny-ui/pull/1607#pullrequestreview-4823004208,peer_pr
review,APPROVED,4829066435,2026-07-31T13:52:24Z,https://github.com/Moodys-Investors-Service/jenny-ui/pull/1611,https://github.com/Moodys-Investors-Service/jenny-ui/pull/1611#pullrequestreview-4829066435,peer_pr
review,APPROVED,4829069231,2026-07-31T13:52:45Z,https://github.com/Moodys-Investors-Service/jenny-api/pull/1061,https://github.com/Moodys-Investors-Service/jenny-api/pull/1061#pullrequestreview-4829069231,peer_pr
review,APPROVED,4845212828,2026-08-03T14:33:01Z,https://github.com/Moodys-Investors-Service/jenny-ui/pull/1575,https://github.com/Moodys-Investors-Service/jenny-ui/pull/1575#pullrequestreview-4845212828,peer_pr
review,APPROVED,4845226876,2026-08-03T14:34:18Z,https://github.com/Moodys-Investors-Service/jenny-ui/pull/1621,https://github.com/Moodys-Investors-Service/jenny-ui/pull/1621#pullrequestreview-4845226876,peer_pr
review,APPROVED,4846116947,2026-08-03T16:00:19Z,https://github.com/Moodys-Investors-Service/jenny-ui/pull/1606,https://github.com/Moodys-Investors-Service/jenny-ui/pull/1606#pullrequestreview-4846116947,peer_pr
review,APPROVED,4846182490,2026-08-03T16:07:28Z,https://github.com/Moodys-Investors-Service/emtn-actions/pull/413,https://github.com/Moodys-Investors-Service/emtn-actions/pull/413#pullrequestreview-4846182490,peer_pr
review,APPROVED,4847322392,2026-08-03T18:18:47Z,https://github.com/Moodys-Investors-Service/jenny-api/pull/1054,https://github.com/Moodys-Investors-Service/jenny-api/pull/1054#pullrequestreview-4847322392,peer_pr
review,APPROVED,4847356604,2026-08-03T18:23:15Z,https://github.com/Moodys-Investors-Service/jenny-api/pull/1055,https://github.com/Moodys-Investors-Service/jenny-api/pull/1055#pullrequestreview-4847356604,peer_pr
review,APPROVED,4847888625,2026-08-03T19:34:08Z,https://github.com/Moodys-Investors-Service/jenny-ui/pull/1626,https://github.com/Moodys-Investors-Service/jenny-ui/pull/1626#pullrequestreview-4847888625,peer_pr
review,APPROVED,4855922553,2026-08-04T14:59:53Z,https://github.com/Moodys-Investors-Service/jenny-api/pull/1068,https://github.com/Moodys-Investors-Service/jenny-api/pull/1068#pullrequestreview-4855922553,peer_pr
review,APPROVED,4857540148,2026-08-04T18:06:52Z,https://github.com/Moodys-Investors-Service/jenny-ui/pull/1629,https://github.com/Moodys-Investors-Service/jenny-ui/pull/1629#pullrequestreview-4857540148,peer_pr
review,APPROVED,4857543545,2026-08-04T18:07:18Z,https://github.com/Moodys-Investors-Service/jenny-api/pull/1067,https://github.com/Moodys-Investors-Service/jenny-api/pull/1067#pullrequestreview-4857543545,peer_pr
review,APPROVED,4864786704,2026-08-05T13:22:11Z,https://github.com/Moodys-Investors-Service/jenny-ui/pull/1638,https://github.com/Moodys-Investors-Service/jenny-ui/pull/1638#pullrequestreview-4864786704,peer_pr
review,APPROVED,4865356412,2026-08-05T14:18:55Z,https://github.com/Moodys-Investors-Service/jenny-ui/pull/1639,https://github.com/Moodys-Investors-Service/jenny-ui/pull/1639#pullrequestreview-4865356412,peer_pr
review,APPROVED,4876207221,2026-08-06T15:17:42Z,https://github.com/Moodys-Investors-Service/jenny-ui/pull/1651,https://github.com/Moodys-Investors-Service/jenny-ui/pull/1651#pullrequestreview-4876207221,peer_pr
review,APPROVED,4878253782,2026-08-06T21:18:40Z,https://github.com/Moodys-Investors-Service/jenny-ui/pull/1657,https://github.com/Moodys-Investors-Service/jenny-ui/pull/1657#pullrequestreview-4878253782,peer_pr
review,APPROVED,4878259310,2026-08-06T21:19:55Z,https://github.com/Moodys-Investors-Service/jenny-ui/pull/1659,https://github.com/Moodys-Investors-Service/jenny-ui/pull/1659#pullrequestreview-4878259310,peer_pr
review,APPROVED,4878264642,2026-08-06T21:21:07Z,https://github.com/Moodys-Investors-Service/jenny-ui/pull/1658,https://github.com/Moodys-Investors-Service/jenny-ui/pull/1658#pullrequestreview-4878264642,peer_pr
review,APPROVED,4882962430,2026-08-07T12:50:58Z,https://github.com/Moodys-Investors-Service/jenny-ui/pull/1662,https://github.com/Moodys-Investors-Service/jenny-ui/pull/1662#pullrequestreview-4882962430,peer_pr
review,APPROVED,4883831611,2026-08-07T14:41:26Z,https://github.com/Moodys-Investors-Service/jenny-api/pull/1084,https://github.com/Moodys-Investors-Service/jenny-api/pull/1084#pullrequestreview-4883831611,peer_pr
review,APPROVED,4883834981,2026-08-07T14:41:53Z,https://github.com/Moodys-Investors-Service/jenny-ui/pull/1671,https://github.com/Moodys-Investors-Service/jenny-ui/pull/1671#pullrequestreview-4883834981,peer_pr
review,APPROVED,4883836370,2026-08-07T14:42:03Z,https://github.com/Moodys-Investors-Service/jenny-ui/pull/1669,https://github.com/Moodys-Investors-Service/jenny-ui/pull/1669#pullrequestreview-4883836370,peer_pr
review,APPROVED,4885408616,2026-08-07T18:04:43Z,https://github.com/Moodys-Investors-Service/jenny-ui/pull/1655,https://github.com/Moodys-Investors-Service/jenny-ui/pull/1655#pullrequestreview-4885408616,peer_pr
review,DISMISSED,4898292239,2026-08-10T15:18:46Z,https://github.com/Moodys-Investors-Service/jenny-ui/pull/1682,https://github.com/Moodys-Investors-Service/jenny-ui/pull/1682#pullrequestreview-4898292239,peer_pr
review,APPROVED,4898985084,2026-08-10T16:39:50Z,https://github.com/Moodys-Investors-Service/jenny-ui/pull/1681,https://github.com/Moodys-Investors-Service/jenny-ui/pull/1681#pullrequestreview-4898985084,peer_pr
review,APPROVED,4901957692,2026-08-11T00:11:17Z,https://github.com/Moodys-Investors-Service/jenny-ui/pull/1690,https://github.com/Moodys-Investors-Service/jenny-ui/pull/1690#pullrequestreview-4901957692,peer_pr
review,APPROVED,4901959560,2026-08-11T00:11:49Z,https://github.com/Moodys-Investors-Service/jenny-api/pull/1094,https://github.com/Moodys-Investors-Service/jenny-api/pull/1094#pullrequestreview-4901959560,peer_pr
review,APPROVED,4907157276,2026-08-11T14:13:17Z,https://github.com/Moodys-Investors-Service/jenny-api/pull/1097,https://github.com/Moodys-Investors-Service/jenny-api/pull/1097#pullrequestreview-4907157276,peer_pr
review,APPROVED,4908542043,2026-08-11T16:35:30Z,https://github.com/Moodys-Investors-Service/jenny-api/pull/1031,https://github.com/Moodys-Investors-Service/jenny-api/pull/1031#pullrequestreview-4908542043,peer_pr
review,APPROVED,4908548442,2026-08-11T16:36:19Z,https://github.com/Moodys-Investors-Service/jenny-ui/pull/1565,https://github.com/Moodys-Investors-Service/jenny-ui/pull/1565#pullrequestreview-4908548442,peer_pr
review,APPROVED,4908678700,2026-08-11T16:52:32Z,https://github.com/Moodys-Investors-Service/jenny-api/pull/1100,https://github.com/Moodys-Investors-Service/jenny-api/pull/1100#pullrequestreview-4908678700,peer_pr
review,APPROVED,4909383357,2026-08-11T18:13:49Z,https://github.com/Moodys-Investors-Service/jenny-ui/pull/1696,https://github.com/Moodys-Investors-Service/jenny-ui/pull/1696#pullrequestreview-4909383357,peer_pr
review,APPROVED,4909397200,2026-08-11T18:15:12Z,https://github.com/Moodys-Investors-Service/jenny-api/pull/1101,https://github.com/Moodys-Investors-Service/jenny-api/pull/1101#pullrequestreview-4909397200,peer_pr
review,APPROVED,4909403505,2026-08-11T18:15:51Z,https://github.com/Moodys-Investors-Service/jenny-ui/pull/1697,https://github.com/Moodys-Investors-Service/jenny-ui/pull/1697#pullrequestreview-4909403505,peer_pr
review,APPROVED,4909913979,2026-08-11T19:19:03Z,https://github.com/Moodys-Investors-Service/jenny-api/pull/1103,https://github.com/Moodys-Investors-Service/jenny-api/pull/1103#pullrequestreview-4909913979,peer_pr
review,APPROVED,4909917600,2026-08-11T19:19:33Z,https://github.com/Moodys-Investors-Service/jenny-ui/pull/1698,https://github.com/Moodys-Investors-Service/jenny-ui/pull/1698#pullrequestreview-4909917600,peer_pr
review,APPROVED,4909998605,2026-08-11T19:29:51Z,https://github.com/Moodys-Investors-Service/jenny-api/pull/1105,https://github.com/Moodys-Investors-Service/jenny-api/pull/1105#pullrequestreview-4909998605,peer_pr
review,APPROVED,4910878405,2026-08-11T21:23:45Z,https://github.com/Moodys-Investors-Service/jenny-api/pull/1107,https://github.com/Moodys-Investors-Service/jenny-api/pull/1107#pullrequestreview-4910878405,peer_pr
review,APPROVED,4919096674,2026-08-12T17:03:21Z,https://github.com/Moodys-Investors-Service/jenny-api/pull/1108,https://github.com/Moodys-Investors-Service/jenny-api/pull/1108#pullrequestreview-4919096674,peer_pr
review,APPROVED,4920147719,2026-08-12T19:01:03Z,https://github.com/Moodys-Investors-Service/jenny-ui/pull/1707,https://github.com/Moodys-Investors-Service/jenny-ui/pull/1707#pullrequestreview-4920147719,peer_pr
review,APPROVED,4927483069,2026-08-13T13:17:35Z,https://github.com/Moodys-Investors-Service/jenny-api/pull/1143,https://github.com/Moodys-Investors-Service/jenny-api/pull/1143#pullrequestreview-4927483069,peer_pr
review,APPROVED,4938386777,2026-08-14T14:49:21Z,https://github.com/Moodys-Investors-Service/jenny-ui/pull/1714,https://github.com/Moodys-Investors-Service/jenny-ui/pull/1714#pullrequestreview-4938386777,peer_pr
review,APPROVED,4938867785,2026-08-14T15:38:59Z,https://github.com/Moodys-Investors-Service/jenny-api/pull/1145,https://github.com/Moodys-Investors-Service/jenny-api/pull/1145#pullrequestreview-4938867785,peer_pr
review,APPROVED,4953028679,2026-08-17T17:25:30Z,https://github.com/Moodys-Investors-Service/jenny-ui/pull/1723,https://github.com/Moodys-Investors-Service/jenny-ui/pull/1723#pullrequestreview-4953028679,peer_pr
review,APPROVED,4974165544,2026-08-19T16:00:03Z,https://github.com/Moodys-Investors-Service/jenny-api/pull/1172,https://github.com/Moodys-Investors-Service/jenny-api/pull/1172#pullrequestreview-4974165544,peer_pr
review,APPROVED,4976467581,2026-08-19T20:28:52Z,https://github.com/Moodys-Investors-Service/jenny-ui/pull/1733,https://github.com/Moodys-Investors-Service/jenny-ui/pull/1733#pullrequestreview-4976467581,peer_pr
review,APPROVED,4982995122,2026-08-20T13:04:13Z,https://github.com/Moodys-Investors-Service/jenny-ui/pull/1727,https://github.com/Moodys-Investors-Service/jenny-ui/pull/1727#pullrequestreview-4982995122,peer_pr
discussion_comment,,5357934979,2026-08-20T15:18:52Z,https://github.com/Moodys-Investors-Service/jenny-ui/pull/1735,https://github.com/Moodys-Investors-Service/jenny-ui/pull/1735#issuecomment-5357934979,peer_pr
review,APPROVED,4984429181,2026-08-20T15:20:13Z,https://github.com/Moodys-Investors-Service/jenny-ui/pull/1736,https://github.com/Moodys-Investors-Service/jenny-ui/pull/1736#pullrequestreview-4984429181,peer_pr
review,APPROVED,4984512274,2026-08-20T15:27:24Z,https://github.com/Moodys-Investors-Service/jenny-ui/pull/1735,https://github.com/Moodys-Investors-Service/jenny-ui/pull/1735#pullrequestreview-4984512274,peer_pr
review,APPROVED,4995175067,2026-08-21T16:04:07Z,https://github.com/Moodys-Investors-Service/jenny-ui/pull/1754,https://github.com/Moodys-Investors-Service/jenny-ui/pull/1754#pullrequestreview-4995175067,peer_pr
review,APPROVED,4995177746,2026-08-21T16:04:28Z,https://github.com/Moodys-Investors-Service/jenny-api/pull/1185,https://github.com/Moodys-Investors-Service/jenny-api/pull/1185#pullrequestreview-4995177746,peer_pr
review,APPROVED,4995190591,2026-08-21T16:06:13Z,https://github.com/Moodys-Investors-Service/jenny-ui/pull/1755,https://github.com/Moodys-Investors-Service/jenny-ui/pull/1755#pullrequestreview-4995190591,peer_pr
review,APPROVED,4995625347,2026-08-21T17:02:27Z,https://github.com/Moodys-Investors-Service/jenny-api/pull/1186,https://github.com/Moodys-Investors-Service/jenny-api/pull/1186#pullrequestreview-4995625347,peer_pr
review,APPROVED,4995747047,2026-08-21T17:20:03Z,https://github.com/Moodys-Investors-Service/jenny-ui/pull/1759,https://github.com/Moodys-Investors-Service/jenny-ui/pull/1759#pullrequestreview-4995747047,peer_pr
review,APPROVED,5008271507,2026-08-24T13:24:15Z,https://github.com/Moodys-Investors-Service/jenny-ui/pull/1702,https://github.com/Moodys-Investors-Service/jenny-ui/pull/1702#pullrequestreview-5008271507,peer_pr
review,APPROVED,5008432255,2026-08-24T13:40:09Z,https://github.com/Moodys-Investors-Service/ai-model-gateway/pull/201,https://github.com/Moodys-Investors-Service/ai-model-gateway/pull/201#pullrequestreview-5008432255,peer_pr
review,APPROVED,5009222665,2026-08-24T14:54:06Z,https://github.com/Moodys-Investors-Service/jenny-ui/pull/1764,https://github.com/Moodys-Investors-Service/jenny-ui/pull/1764#pullrequestreview-5009222665,peer_pr
review,APPROVED,5009225865,2026-08-24T14:54:25Z,https://github.com/Moodys-Investors-Service/jenny-api/pull/1192,https://github.com/Moodys-Investors-Service/jenny-api/pull/1192#pullrequestreview-5009225865,peer_pr
review,APPROVED,5009228680,2026-08-24T14:54:39Z,https://github.com/Moodys-Investors-Service/ai-model-gateway/pull/202,https://github.com/Moodys-Investors-Service/ai-model-gateway/pull/202#pullrequestreview-5009228680,peer_pr
review,APPROVED,5009232180,2026-08-24T14:54:58Z,https://github.com/Moodys-Investors-Service/jenny-api/pull/1194,https://github.com/Moodys-Investors-Service/jenny-api/pull/1194#pullrequestreview-5009232180,peer_pr
review,APPROVED,5009233051,2026-08-24T14:55:03Z,https://github.com/Moodys-Investors-Service/jenny-ui/pull/1765,https://github.com/Moodys-Investors-Service/jenny-ui/pull/1765#pullrequestreview-5009233051,peer_pr
review,APPROVED,5010576550,2026-08-24T17:14:20Z,https://github.com/Moodys-Investors-Service/jenny-api/pull/1191,https://github.com/Moodys-Investors-Service/jenny-api/pull/1191#pullrequestreview-5010576550,peer_pr
review,APPROVED,5010577479,2026-08-24T17:14:26Z,https://github.com/Moodys-Investors-Service/jenny-ui/pull/1763,https://github.com/Moodys-Investors-Service/jenny-ui/pull/1763#pullrequestreview-5010577479,peer_pr
review,APPROVED,5011877822,2026-08-24T19:44:47Z,https://github.com/Moodys-Investors-Service/jenny-ui/pull/1769,https://github.com/Moodys-Investors-Service/jenny-ui/pull/1769#pullrequestreview-5011877822,peer_pr
review,APPROVED,5012148666,2026-08-24T20:16:27Z,https://github.com/Moodys-Investors-Service/jenny-ui/pull/1761,https://github.com/Moodys-Investors-Service/jenny-ui/pull/1761#pullrequestreview-5012148666,peer_pr
review,APPROVED,5019520619,2026-08-25T13:33:40Z,https://github.com/Moodys-Investors-Service/jenny-ui/pull/1771,https://github.com/Moodys-Investors-Service/jenny-ui/pull/1771#pullrequestreview-5019520619,peer_pr
review,APPROVED,5021188786,2026-08-25T16:09:09Z,https://github.com/Moodys-Investors-Service/jenny-ui/pull/1772,https://github.com/Moodys-Investors-Service/jenny-ui/pull/1772#pullrequestreview-5021188786,peer_pr
review,APPROVED,5021204484,2026-08-25T16:10:35Z,https://github.com/Moodys-Investors-Service/jenny-api/pull/1198,https://github.com/Moodys-Investors-Service/jenny-api/pull/1198#pullrequestreview-5021204484,peer_pr
review,APPROVED,5023122396,2026-08-25T19:28:49Z,https://github.com/Moodys-Investors-Service/jenny-ui/pull/1777,https://github.com/Moodys-Investors-Service/jenny-ui/pull/1777#pullrequestreview-5023122396,peer_pr
review,DISMISSED,5032479656,2026-08-26T15:54:18Z,https://github.com/Moodys-Investors-Service/jenny-ui/pull/1783,https://github.com/Moodys-Investors-Service/jenny-ui/pull/1783#pullrequestreview-5032479656,peer_pr
review,APPROVED,5033583265,2026-08-26T18:01:48Z,https://github.com/Moodys-Investors-Service/jenny-ui/pull/1779,https://github.com/Moodys-Investors-Service/jenny-ui/pull/1779#pullrequestreview-5033583265,peer_pr
review,APPROVED,5033624256,2026-08-26T18:05:42Z,https://github.com/Moodys-Investors-Service/jenny-ui/pull/1784,https://github.com/Moodys-Investors-Service/jenny-ui/pull/1784#pullrequestreview-5033624256,peer_pr
review,APPROVED,5033632556,2026-08-26T18:06:28Z,https://github.com/Moodys-Investors-Service/jenny-api/pull/1206,https://github.com/Moodys-Investors-Service/jenny-api/pull/1206#pullrequestreview-5033632556,peer_pr
review,APPROVED,5078458958,2026-09-01T13:14:25Z,https://github.com/Moodys-Investors-Service/jenny-ui/pull/1809,https://github.com/Moodys-Investors-Service/jenny-ui/pull/1809#pullrequestreview-5078458958,peer_pr
review,APPROVED,5078467374,2026-09-01T13:15:11Z,https://github.com/Moodys-Investors-Service/jenny-ui/pull/1789,https://github.com/Moodys-Investors-Service/jenny-ui/pull/1789#pullrequestreview-5078467374,peer_pr
review,CHANGES_REQUESTED,5078849246,2026-09-01T13:48:52Z,https://github.com/Moodys-Investors-Service/jenny-ui/pull/1792,https://github.com/Moodys-Investors-Service/jenny-ui/pull/1792#pullrequestreview-5078849246,peer_pr
discussion_comment,,5495102874,2026-09-01T13:58:33Z,https://github.com/Moodys-Investors-Service/jenny-ui/pull/1792,https://github.com/Moodys-Investors-Service/jenny-ui/pull/1792#issuecomment-5495102874,peer_pr
review,APPROVED,5079621586,2026-09-01T14:58:38Z,https://github.com/Moodys-Investors-Service/jenny-ui/pull/1810,https://github.com/Moodys-Investors-Service/jenny-ui/pull/1810#pullrequestreview-5079621586,peer_pr
review,APPROVED,5080550210,2026-09-01T16:28:55Z,https://github.com/Moodys-Investors-Service/jenny-api/pull/1229,https://github.com/Moodys-Investors-Service/jenny-api/pull/1229#pullrequestreview-5080550210,peer_pr
review,COMMENTED,5080763428,2026-09-01T16:51:41Z,https://github.com/Moodys-Investors-Service/jenny-api/pull/1230,https://github.com/Moodys-Investors-Service/jenny-api/pull/1230#pullrequestreview-5080763428,peer_pr
inline_comment,,3906393570,2026-09-01T16:51:42Z,https://github.com/Moodys-Investors-Service/jenny-api/pull/1230,https://github.com/Moodys-Investors-Service/jenny-api/pull/1230#discussion_r3906393570,peer_pr
review,APPROVED,5081358483,2026-09-01T18:01:17Z,https://github.com/Moodys-Investors-Service/jenny-api/pull/1230,https://github.com/Moodys-Investors-Service/jenny-api/pull/1230#pullrequestreview-5081358483,peer_pr
review,APPROVED,5081360044,2026-09-01T18:01:26Z,https://github.com/Moodys-Investors-Service/jenny-ui/pull/1814,https://github.com/Moodys-Investors-Service/jenny-ui/pull/1814#pullrequestreview-5081360044,peer_pr
review,APPROVED,5081362045,2026-09-01T18:01:37Z,https://github.com/Moodys-Investors-Service/jenny-api/pull/1230,https://github.com/Moodys-Investors-Service/jenny-api/pull/1230#pullrequestreview-5081362045,peer_pr
review,APPROVED,5091232191,2026-09-02T14:49:16Z,https://github.com/Moodys-Investors-Service/jenny-api/pull/1243,https://github.com/Moodys-Investors-Service/jenny-api/pull/1243#pullrequestreview-5091232191,peer_pr
review,APPROVED,5091527008,2026-09-02T15:14:45Z,https://github.com/Moodys-Investors-Service/jenny-ui/pull/1832,https://github.com/Moodys-Investors-Service/jenny-ui/pull/1832#pullrequestreview-5091527008,peer_pr
review,APPROVED,5091952867,2026-09-02T15:54:31Z,https://github.com/Moodys-Investors-Service/jenny-ui/pull/1838,https://github.com/Moodys-Investors-Service/jenny-ui/pull/1838#pullrequestreview-5091952867,peer_pr
review,APPROVED,5092135523,2026-09-02T16:12:20Z,https://github.com/Moodys-Investors-Service/jenny-api/pull/1244,https://github.com/Moodys-Investors-Service/jenny-api/pull/1244#pullrequestreview-5092135523,peer_pr
review,APPROVED,5092141842,2026-09-02T16:12:59Z,https://github.com/Moodys-Investors-Service/jenny-ui/pull/1837,https://github.com/Moodys-Investors-Service/jenny-ui/pull/1837#pullrequestreview-5092141842,peer_pr
review,APPROVED,5092153222,2026-09-02T16:14:11Z,https://github.com/Moodys-Investors-Service/jenny-ui/pull/1843,https://github.com/Moodys-Investors-Service/jenny-ui/pull/1843#pullrequestreview-5092153222,peer_pr
review,DISMISSED,5103049949,2026-09-03T14:16:16Z,https://github.com/Moodys-Investors-Service/jenny-ui/pull/1857,https://github.com/Moodys-Investors-Service/jenny-ui/pull/1857#pullrequestreview-5103049949,peer_pr
review,APPROVED,5104286585,2026-09-03T16:22:19Z,https://github.com/Moodys-Investors-Service/emtn-actions/pull/450,https://github.com/Moodys-Investors-Service/emtn-actions/pull/450#pullrequestreview-5104286585,peer_pr
review,APPROVED,5105138614,2026-09-03T17:56:29Z,https://github.com/Moodys-Investors-Service/ai-model-gateway/pull/204,https://github.com/Moodys-Investors-Service/ai-model-gateway/pull/204#pullrequestreview-5105138614,peer_pr
review,APPROVED,5108269967,2026-09-04T01:14:30Z,https://github.com/Moodys-Investors-Service/entitlements-api/pull/193,https://github.com/Moodys-Investors-Service/entitlements-api/pull/193#pullrequestreview-5108269967,peer_pr
review,APPROVED,5113841585,2026-09-04T13:56:45Z,https://github.com/Moodys-Investors-Service/jenny-ui/pull/1867,https://github.com/Moodys-Investors-Service/jenny-ui/pull/1867#pullrequestreview-5113841585,peer_pr
review,APPROVED,5113847376,2026-09-04T13:57:23Z,https://github.com/Moodys-Investors-Service/jenny-api/pull/1262,https://github.com/Moodys-Investors-Service/jenny-api/pull/1262#pullrequestreview-5113847376,peer_pr
review,APPROVED,5114071356,2026-09-04T14:18:18Z,https://github.com/Moodys-Investors-Service/jenny-ui/pull/1845,https://github.com/Moodys-Investors-Service/jenny-ui/pull/1845#pullrequestreview-5114071356,peer_pr
review,APPROVED,5114089735,2026-09-04T14:19:55Z,https://github.com/Moodys-Investors-Service/jenny-api/pull/1247,https://github.com/Moodys-Investors-Service/jenny-api/pull/1247#pullrequestreview-5114089735,peer_pr
review,APPROVED,5114271350,2026-09-04T14:34:49Z,https://github.com/Moodys-Investors-Service/jenny-api/pull/1265,https://github.com/Moodys-Investors-Service/jenny-api/pull/1265#pullrequestreview-5114271350,peer_pr
review,APPROVED,5115148970,2026-09-04T15:52:07Z,https://github.com/Moodys-Investors-Service/jenny-api/pull/1267,https://github.com/Moodys-Investors-Service/jenny-api/pull/1267#pullrequestreview-5115148970,peer_pr
review,APPROVED,5146150871,2026-09-08T19:32:00Z,https://github.com/Moodys-Investors-Service/jenny-api/pull/1286,https://github.com/Moodys-Investors-Service/jenny-api/pull/1286#pullrequestreview-5146150871,peer_pr
review,APPROVED,5146153770,2026-09-08T19:32:17Z,https://github.com/Moodys-Investors-Service/jenny-ui/pull/1880,https://github.com/Moodys-Investors-Service/jenny-ui/pull/1880#pullrequestreview-5146153770,peer_pr
review,APPROVED,5146445999,2026-09-08T20:02:18Z,https://github.com/Moodys-Investors-Service/jenny-api/pull/1273,https://github.com/Moodys-Investors-Service/jenny-api/pull/1273#pullrequestreview-5146445999,peer_pr
review,APPROVED,5154648311,2026-09-09T13:03:34Z,https://github.com/Moodys-Investors-Service/jenny-api/pull/1276,https://github.com/Moodys-Investors-Service/jenny-api/pull/1276#pullrequestreview-5154648311,peer_pr
review,DISMISSED,5168857899,2026-09-10T15:09:31Z,https://github.com/Moodys-Investors-Service/jenny-ui/pull/1899,https://github.com/Moodys-Investors-Service/jenny-ui/pull/1899#pullrequestreview-5168857899,peer_pr
review,APPROVED,5168870774,2026-09-10T15:10:47Z,https://github.com/Moodys-Investors-Service/jenny-api/pull/1278,https://github.com/Moodys-Investors-Service/jenny-api/pull/1278#pullrequestreview-5168870774,peer_pr
review,DISMISSED,5168958080,2026-09-10T15:17:54Z,https://github.com/Moodys-Investors-Service/jenny-ui/pull/1910,https://github.com/Moodys-Investors-Service/jenny-ui/pull/1910#pullrequestreview-5168958080,peer_pr
review,APPROVED,5169037425,2026-09-10T15:25:10Z,https://github.com/Moodys-Investors-Service/jenny-api/pull/1294,https://github.com/Moodys-Investors-Service/jenny-api/pull/1294#pullrequestreview-5169037425,peer_pr
review,APPROVED,5169038975,2026-09-10T15:25:18Z,https://github.com/Moodys-Investors-Service/jenny-ui/pull/1912,https://github.com/Moodys-Investors-Service/jenny-ui/pull/1912#pullrequestreview-5169038975,peer_pr
review,APPROVED,5169552915,2026-09-10T16:12:23Z,https://github.com/Moodys-Investors-Service/jenny-ui/pull/1911,https://github.com/Moodys-Investors-Service/jenny-ui/pull/1911#pullrequestreview-5169552915,peer_pr
review,APPROVED,5169557353,2026-09-10T16:12:47Z,https://github.com/Moodys-Investors-Service/jenny-api/pull/1295,https://github.com/Moodys-Investors-Service/jenny-api/pull/1295#pullrequestreview-5169557353,peer_pr
review,APPROVED,5169559533,2026-09-10T16:12:58Z,https://github.com/Moodys-Investors-Service/jenny-ui/pull/1913,https://github.com/Moodys-Investors-Service/jenny-ui/pull/1913#pullrequestreview-5169559533,peer_pr
review,DISMISSED,5169565412,2026-09-10T16:13:28Z,https://github.com/Moodys-Investors-Service/jenny-ui/pull/1899,https://github.com/Moodys-Investors-Service/jenny-ui/pull/1899#pullrequestreview-5169565412,peer_pr
review,APPROVED,5169685877,2026-09-10T16:26:06Z,https://github.com/Moodys-Investors-Service/jenny-ui/pull/1910,https://github.com/Moodys-Investors-Service/jenny-ui/pull/1910#pullrequestreview-5169685877,peer_pr
review,DISMISSED,5169691934,2026-09-10T16:26:44Z,https://github.com/Moodys-Investors-Service/jenny-ui/pull/1914,https://github.com/Moodys-Investors-Service/jenny-ui/pull/1914#pullrequestreview-5169691934,peer_pr
review,APPROVED,5169932050,2026-09-10T16:50:02Z,https://github.com/Moodys-Investors-Service/jenny-ui/pull/1899,https://github.com/Moodys-Investors-Service/jenny-ui/pull/1899#pullrequestreview-5169932050,peer_pr
review,DISMISSED,5170135663,2026-09-10T17:11:25Z,https://github.com/Moodys-Investors-Service/jenny-ui/pull/1914,https://github.com/Moodys-Investors-Service/jenny-ui/pull/1914#pullrequestreview-5170135663,peer_pr
review,APPROVED,5170210381,2026-09-10T17:19:24Z,https://github.com/Moodys-Investors-Service/jenny-api/pull/1271,https://github.com/Moodys-Investors-Service/jenny-api/pull/1271#pullrequestreview-5170210381,peer_pr
review,APPROVED,5170223504,2026-09-10T17:20:54Z,https://github.com/Moodys-Investors-Service/jenny-ui/pull/1872,https://github.com/Moodys-Investors-Service/jenny-ui/pull/1872#pullrequestreview-5170223504,peer_pr
review,APPROVED,5170888504,2026-09-10T18:32:43Z,https://github.com/Moodys-Investors-Service/jenny-ui/pull/1915,https://github.com/Moodys-Investors-Service/jenny-ui/pull/1915#pullrequestreview-5170888504,peer_pr
review,APPROVED,5171127114,2026-09-10T18:59:21Z,https://github.com/Moodys-Investors-Service/jenny-ui/pull/1916,https://github.com/Moodys-Investors-Service/jenny-ui/pull/1916#pullrequestreview-5171127114,peer_pr
review,APPROVED,5171155199,2026-09-10T19:02:33Z,https://github.com/Moodys-Investors-Service/jenny-api/pull/1279,https://github.com/Moodys-Investors-Service/jenny-api/pull/1279#pullrequestreview-5171155199,peer_pr
review,APPROVED,5171155692,2026-09-10T19:02:36Z,https://github.com/Moodys-Investors-Service/jenny-ui/pull/1900,https://github.com/Moodys-Investors-Service/jenny-ui/pull/1900#pullrequestreview-5171155692,peer_pr
review,APPROVED,5171221573,2026-09-10T19:09:45Z,https://github.com/Moodys-Investors-Service/jenny-api/pull/1280,https://github.com/Moodys-Investors-Service/jenny-api/pull/1280#pullrequestreview-5171221573,peer_pr
review,APPROVED,5182308752,2026-09-11T18:42:39Z,https://github.com/Moodys-Investors-Service/jenny-ui/pull/1925,https://github.com/Moodys-Investors-Service/jenny-ui/pull/1925#pullrequestreview-5182308752,peer_pr
review,APPROVED,5182340261,2026-09-11T18:46:23Z,https://github.com/Moodys-Investors-Service/jenny-ui/pull/1929,https://github.com/Moodys-Investors-Service/jenny-ui/pull/1929#pullrequestreview-5182340261,peer_pr
review,APPROVED,5182481806,2026-09-11T19:03:35Z,https://github.com/Moodys-Investors-Service/jenny-ui/pull/1923,https://github.com/Moodys-Investors-Service/jenny-ui/pull/1923#pullrequestreview-5182481806,peer_pr
review,APPROVED,5182483563,2026-09-11T19:03:49Z,https://github.com/Moodys-Investors-Service/jenny-api/pull/1304,https://github.com/Moodys-Investors-Service/jenny-api/pull/1304#pullrequestreview-5182483563,peer_pr
review,APPROVED,5182746185,2026-09-11T19:37:30Z,https://github.com/Moodys-Investors-Service/jenny-ui/pull/1932,https://github.com/Moodys-Investors-Service/jenny-ui/pull/1932#pullrequestreview-5182746185,peer_pr
review,APPROVED,5199381844,2026-09-14T15:06:57Z,https://github.com/Moodys-Investors-Service/jenny-ui/pull/1927,https://github.com/Moodys-Investors-Service/jenny-ui/pull/1927#pullrequestreview-5199381844,peer_pr
review,APPROVED,5199384309,2026-09-14T15:07:09Z,https://github.com/Moodys-Investors-Service/jenny-api/pull/1307,https://github.com/Moodys-Investors-Service/jenny-api/pull/1307#pullrequestreview-5199384309,peer_pr
review,APPROVED,5199428170,2026-09-14T15:10:33Z,https://github.com/Moodys-Investors-Service/jenny-ui/pull/1936,https://github.com/Moodys-Investors-Service/jenny-ui/pull/1936#pullrequestreview-5199428170,peer_pr
review,APPROVED,5199432745,2026-09-14T15:10:56Z,https://github.com/Moodys-Investors-Service/jenny-api/pull/1313,https://github.com/Moodys-Investors-Service/jenny-api/pull/1313#pullrequestreview-5199432745,peer_pr
review,APPROVED,5201481086,2026-09-14T18:40:14Z,https://github.com/Moodys-Investors-Service/jenny-ui/pull/1941,https://github.com/Moodys-Investors-Service/jenny-ui/pull/1941#pullrequestreview-5201481086,peer_pr
review,APPROVED,5202293241,2026-09-14T20:02:22Z,https://github.com/Moodys-Investors-Service/jenny-api/pull/1314,https://github.com/Moodys-Investors-Service/jenny-api/pull/1314#pullrequestreview-5202293241,peer_pr
review,APPROVED,5202300250,2026-09-14T20:03:07Z,https://github.com/Moodys-Investors-Service/jenny-ui/pull/1937,https://github.com/Moodys-Investors-Service/jenny-ui/pull/1937#pullrequestreview-5202300250,peer_pr
review,APPROVED,5202792540,2026-09-14T20:53:46Z,https://github.com/Moodys-Investors-Service/jenny-api/pull/1317,https://github.com/Moodys-Investors-Service/jenny-api/pull/1317#pullrequestreview-5202792540,peer_pr
review,APPROVED,5202795216,2026-09-14T20:54:05Z,https://github.com/Moodys-Investors-Service/jenny-ui/pull/1942,https://github.com/Moodys-Investors-Service/jenny-ui/pull/1942#pullrequestreview-5202795216,peer_pr
review,DISMISSED,5210527105,2026-09-15T13:23:56Z,https://github.com/Moodys-Investors-Service/jenny-api/pull/1321,https://github.com/Moodys-Investors-Service/jenny-api/pull/1321#pullrequestreview-5210527105,peer_pr
review,APPROVED,5210550613,2026-09-15T13:26:04Z,https://github.com/Moodys-Investors-Service/jenny-api/pull/1321,https://github.com/Moodys-Investors-Service/jenny-api/pull/1321#pullrequestreview-5210550613,peer_pr
review,APPROVED,5212819313,2026-09-15T16:26:59Z,https://github.com/Moodys-Investors-Service/ai-model-gateway/pull/206,https://github.com/Moodys-Investors-Service/ai-model-gateway/pull/206#pullrequestreview-5212819313,peer_pr
review,APPROVED,5215244367,2026-09-15T20:10:26Z,https://github.com/Moodys-Investors-Service/jenny-api/pull/1326,https://github.com/Moodys-Investors-Service/jenny-api/pull/1326#pullrequestreview-5215244367,peer_pr
review,APPROVED,5215248715,2026-09-15T20:10:57Z,https://github.com/Moodys-Investors-Service/jenny-ui/pull/1950,https://github.com/Moodys-Investors-Service/jenny-ui/pull/1950#pullrequestreview-5215248715,peer_pr
review,APPROVED,5215441452,2026-09-15T20:32:30Z,https://github.com/Moodys-Investors-Service/jenny-api/pull/1325,https://github.com/Moodys-Investors-Service/jenny-api/pull/1325#pullrequestreview-5215441452,peer_pr
review,APPROVED,5215443131,2026-09-15T20:32:40Z,https://github.com/Moodys-Investors-Service/jenny-ui/pull/1949,https://github.com/Moodys-Investors-Service/jenny-ui/pull/1949#pullrequestreview-5215443131,peer_pr
review,APPROVED,5225319441,2026-09-16T16:18:13Z,https://github.com/Moodys-Investors-Service/jenny-api/pull/1335,https://github.com/Moodys-Investors-Service/jenny-api/pull/1335#pullrequestreview-5225319441,peer_pr
review,APPROVED,5226781781,2026-09-16T18:33:25Z,https://github.com/Moodys-Investors-Service/jenny-api/pull/1337,https://github.com/Moodys-Investors-Service/jenny-api/pull/1337#pullrequestreview-5226781781,peer_pr
review,APPROVED,5235592355,2026-09-17T12:26:40Z,https://github.com/Moodys-Investors-Service/jenny-ui/pull/1959,https://github.com/Moodys-Investors-Service/jenny-ui/pull/1959#pullrequestreview-5235592355,peer_pr
review,APPROVED,5235657583,2026-09-17T12:33:27Z,https://github.com/Moodys-Investors-Service/jenny-ui/pull/1958,https://github.com/Moodys-Investors-Service/jenny-ui/pull/1958#pullrequestreview-5235657583,peer_pr
review,APPROVED,5235659497,2026-09-17T12:33:39Z,https://github.com/Moodys-Investors-Service/jenny-api/pull/1336,https://github.com/Moodys-Investors-Service/jenny-api/pull/1336#pullrequestreview-5235659497,peer_pr
review,DISMISSED,5235965061,2026-09-17T13:01:51Z,https://github.com/Moodys-Investors-Service/jenny-ui/pull/1962,https://github.com/Moodys-Investors-Service/jenny-ui/pull/1962#pullrequestreview-5235965061,peer_pr
review,APPROVED,5236577105,2026-09-17T13:52:32Z,https://github.com/Moodys-Investors-Service/jenny-ui/pull/1962,https://github.com/Moodys-Investors-Service/jenny-ui/pull/1962#pullrequestreview-5236577105,peer_pr
review,APPROVED,5236667057,2026-09-17T13:58:51Z,https://github.com/Moodys-Investors-Service/jenny-ui/pull/1963,https://github.com/Moodys-Investors-Service/jenny-ui/pull/1963#pullrequestreview-5236667057,peer_pr
review,APPROVED,5239701308,2026-09-17T18:16:20Z,https://github.com/Moodys-Investors-Service/jenny-api/pull/1346,https://github.com/Moodys-Investors-Service/jenny-api/pull/1346#pullrequestreview-5239701308,peer_pr
review,APPROVED,5248783961,2026-09-18T14:17:17Z,https://github.com/Moodys-Investors-Service/jenny-api/pull/1344,https://github.com/Moodys-Investors-Service/jenny-api/pull/1344#pullrequestreview-5248783961,peer_pr
review,APPROVED,5251917952,2026-09-18T19:42:32Z,https://github.com/Moodys-Investors-Service/jenny-api/pull/1352,https://github.com/Moodys-Investors-Service/jenny-api/pull/1352#pullrequestreview-5251917952,peer_pr
review,APPROVED,5251921051,2026-09-18T19:42:52Z,https://github.com/Moodys-Investors-Service/jenny-ui/pull/1975,https://github.com/Moodys-Investors-Service/jenny-ui/pull/1975#pullrequestreview-5251921051,peer_pr
review,APPROVED,5251970568,2026-09-18T19:48:44Z,https://github.com/Moodys-Investors-Service/jenny-ui/pull/1961,https://github.com/Moodys-Investors-Service/jenny-ui/pull/1961#pullrequestreview-5251970568,peer_pr
review,APPROVED,5267619669,2026-09-21T14:10:34Z,https://github.com/Moodys-Investors-Service/jenny-api/pull/1354,https://github.com/Moodys-Investors-Service/jenny-api/pull/1354#pullrequestreview-5267619669,peer_pr
review,COMMENTED,5267685810,2026-09-21T14:16:31Z,https://github.com/Moodys-Investors-Service/jenny-ui/pull/1966,https://github.com/Moodys-Investors-Service/jenny-ui/pull/1966#pullrequestreview-5267685810,peer_pr
review,APPROVED,5267687655,2026-09-21T14:16:41Z,https://github.com/Moodys-Investors-Service/jenny-ui/pull/1966,https://github.com/Moodys-Investors-Service/jenny-ui/pull/1966#pullrequestreview-5267687655,peer_pr
review,APPROVED,5267691949,2026-09-21T14:17:05Z,https://github.com/Moodys-Investors-Service/jenny-ui/pull/1968,https://github.com/Moodys-Investors-Service/jenny-ui/pull/1968#pullrequestreview-5267691949,peer_pr
review,APPROVED,5267706476,2026-09-21T14:18:27Z,https://github.com/Moodys-Investors-Service/jenny-ui/pull/1974,https://github.com/Moodys-Investors-Service/jenny-ui/pull/1974#pullrequestreview-5267706476,peer_pr
review,APPROVED,5267714276,2026-09-21T14:19:12Z,https://github.com/Moodys-Investors-Service/jenny-ui/pull/1969,https://github.com/Moodys-Investors-Service/jenny-ui/pull/1969#pullrequestreview-5267714276,peer_pr
review,APPROVED,5267824990,2026-09-21T14:28:48Z,https://github.com/Moodys-Investors-Service/jenny-ui/pull/1977,https://github.com/Moodys-Investors-Service/jenny-ui/pull/1977#pullrequestreview-5267824990,peer_pr
review,APPROVED,5267834032,2026-09-21T14:29:27Z,https://github.com/Moodys-Investors-Service/jenny-api/pull/1343,https://github.com/Moodys-Investors-Service/jenny-api/pull/1343#pullrequestreview-5267834032,peer_pr
review,APPROVED,5267927180,2026-09-21T14:37:08Z,https://github.com/Moodys-Investors-Service/jenny-ui/pull/1971,https://github.com/Moodys-Investors-Service/jenny-ui/pull/1971#pullrequestreview-5267927180,peer_pr
review,APPROVED,5267929720,2026-09-21T14:37:21Z,https://github.com/Moodys-Investors-Service/jenny-ui/pull/1970,https://github.com/Moodys-Investors-Service/jenny-ui/pull/1970#pullrequestreview-5267929720,peer_pr
review,APPROVED,5267932367,2026-09-21T14:37:35Z,https://github.com/Moodys-Investors-Service/jenny-ui/pull/1972,https://github.com/Moodys-Investors-Service/jenny-ui/pull/1972#pullrequestreview-5267932367,peer_pr
review,APPROVED,5267993484,2026-09-21T14:43:01Z,https://github.com/Moodys-Investors-Service/jenny-ui/pull/1967,https://github.com/Moodys-Investors-Service/jenny-ui/pull/1967#pullrequestreview-5267993484,peer_pr
review,APPROVED,5270814664,2026-09-21T19:18:22Z,https://github.com/Moodys-Investors-Service/jenny-api/pull/1359,https://github.com/Moodys-Investors-Service/jenny-api/pull/1359#pullrequestreview-5270814664,peer_pr
review,APPROVED,5270843353,2026-09-21T19:21:28Z,https://github.com/Moodys-Investors-Service/jenny-ui/pull/1991,https://github.com/Moodys-Investors-Service/jenny-ui/pull/1991#pullrequestreview-5270843353,peer_pr
review,APPROVED,5271096584,2026-09-21T19:47:14Z,https://github.com/Moodys-Investors-Service/jenny-ui/pull/1973,https://github.com/Moodys-Investors-Service/jenny-ui/pull/1973#pullrequestreview-5271096584,peer_pr
review,APPROVED,5271122069,2026-09-21T19:49:24Z,https://github.com/Moodys-Investors-Service/jenny-api/pull/1347,https://github.com/Moodys-Investors-Service/jenny-api/pull/1347#pullrequestreview-5271122069,peer_pr
review,APPROVED,5271435387,2026-09-21T20:19:57Z,https://github.com/Moodys-Investors-Service/jenny-ui/pull/1994,https://github.com/Moodys-Investors-Service/jenny-ui/pull/1994#pullrequestreview-5271435387,peer_pr
review,APPROVED,5271613442,2026-09-21T20:38:15Z,https://github.com/Moodys-Investors-Service/jenny-api/pull/1210,https://github.com/Moodys-Investors-Service/jenny-api/pull/1210#pullrequestreview-5271613442,peer_pr
review,DISMISSED,5271615320,2026-09-21T20:38:28Z,https://github.com/Moodys-Investors-Service/jenny-ui/pull/1787,https://github.com/Moodys-Investors-Service/jenny-ui/pull/1787#pullrequestreview-5271615320,peer_pr
review,APPROVED,5279456842,2026-09-22T14:26:53Z,https://github.com/Moodys-Investors-Service/jenny-api/pull/1365,https://github.com/Moodys-Investors-Service/jenny-api/pull/1365#pullrequestreview-5279456842,peer_pr
review,APPROVED,5280590181,2026-09-22T16:05:58Z,https://github.com/Moodys-Investors-Service/jenny-ui/pull/2009,https://github.com/Moodys-Investors-Service/jenny-ui/pull/2009#pullrequestreview-5280590181,peer_pr
review,APPROVED,5280595138,2026-09-22T16:06:25Z,https://github.com/Moodys-Investors-Service/jenny-ui/pull/2008,https://github.com/Moodys-Investors-Service/jenny-ui/pull/2008#pullrequestreview-5280595138,peer_pr
review,APPROVED,5281519755,2026-09-22T17:35:15Z,https://github.com/Moodys-Investors-Service/jenny-ui/pull/2007,https://github.com/Moodys-Investors-Service/jenny-ui/pull/2007#pullrequestreview-5281519755,peer_pr
review,APPROVED,5281520443,2026-09-22T17:35:19Z,https://github.com/Moodys-Investors-Service/jenny-api/pull/1366,https://github.com/Moodys-Investors-Service/jenny-api/pull/1366#pullrequestreview-5281520443,peer_pr
review,APPROVED,5281957729,2026-09-22T18:19:28Z,https://github.com/Moodys-Investors-Service/jenny-ui/pull/2017,https://github.com/Moodys-Investors-Service/jenny-ui/pull/2017#pullrequestreview-5281957729,peer_pr
review,APPROVED,5282777262,2026-09-22T19:33:25Z,https://github.com/Moodys-Investors-Service/jenny-api/pull/1370,https://github.com/Moodys-Investors-Service/jenny-api/pull/1370#pullrequestreview-5282777262,peer_pr
review,APPROVED,5282800247,2026-09-22T19:35:49Z,https://github.com/Moodys-Investors-Service/jenny-ui/pull/2023,https://github.com/Moodys-Investors-Service/jenny-ui/pull/2023#pullrequestreview-5282800247,peer_pr
review,APPROVED,5283318706,2026-09-22T20:22:40Z,https://github.com/Moodys-Investors-Service/jenny-ui/pull/1787,https://github.com/Moodys-Investors-Service/jenny-ui/pull/1787#pullrequestreview-5283318706,peer_pr
review,APPROVED,5284120077,2026-09-22T21:41:37Z,https://github.com/Moodys-Investors-Service/ai-model-gateway/pull/210,https://github.com/Moodys-Investors-Service/ai-model-gateway/pull/210#pullrequestreview-5284120077,peer_pr
review,APPROVED,5284338680,2026-09-22T22:03:20Z,https://github.com/Moodys-Investors-Service/jenny-ui/pull/2029,https://github.com/Moodys-Investors-Service/jenny-ui/pull/2029#pullrequestreview-5284338680,peer_pr
review,APPROVED,5294404237,2026-09-23T17:23:23Z,https://github.com/Moodys-Investors-Service/jenny-ui/pull/2024,https://github.com/Moodys-Investors-Service/jenny-ui/pull/2024#pullrequestreview-5294404237,peer_pr
review,APPROVED,5295346358,2026-09-23T18:50:58Z,https://github.com/Moodys-Investors-Service/jenny-api/pull/1376,https://github.com/Moodys-Investors-Service/jenny-api/pull/1376#pullrequestreview-5295346358,peer_pr
review,APPROVED,5295670289,2026-09-23T19:21:37Z,https://github.com/Moodys-Investors-Service/ai-model-gateway/pull/212,https://github.com/Moodys-Investors-Service/ai-model-gateway/pull/212#pullrequestreview-5295670289,peer_pr
review,APPROVED,5295690836,2026-09-23T19:23:44Z,https://github.com/Moodys-Investors-Service/jenny-api/pull/1375,https://github.com/Moodys-Investors-Service/jenny-api/pull/1375#pullrequestreview-5295690836,peer_pr
review,APPROVED,5296175458,2026-09-23T20:05:21Z,https://github.com/Moodys-Investors-Service/jenny-ui/pull/2036,https://github.com/Moodys-Investors-Service/jenny-ui/pull/2036#pullrequestreview-5296175458,peer_pr
review,APPROVED,5297669158,2026-09-23T22:47:25Z,https://github.com/Moodys-Investors-Service/jenny-ui/pull/2038,https://github.com/Moodys-Investors-Service/jenny-ui/pull/2038#pullrequestreview-5297669158,peer_pr
review,APPROVED,5298288201,2026-09-24T00:25:14Z,https://github.com/Moodys-Investors-Service/jenny-ui/pull/2040,https://github.com/Moodys-Investors-Service/jenny-ui/pull/2040#pullrequestreview-5298288201,peer_pr
review,APPROVED,5307300287,2026-09-24T16:33:27Z,https://github.com/Moodys-Investors-Service/jenny-api/pull/1380,https://github.com/Moodys-Investors-Service/jenny-api/pull/1380#pullrequestreview-5307300287,peer_pr
review,APPROVED,5307303923,2026-09-24T16:33:43Z,https://github.com/Moodys-Investors-Service/jenny-ui/pull/2044,https://github.com/Moodys-Investors-Service/jenny-ui/pull/2044#pullrequestreview-5307303923,peer_pr
review,APPROVED,5309232511,2026-09-24T19:33:46Z,https://github.com/Moodys-Investors-Service/jenny-ui/pull/2049,https://github.com/Moodys-Investors-Service/jenny-ui/pull/2049#pullrequestreview-5309232511,peer_pr
review,APPROVED,5309272342,2026-09-24T19:37:08Z,https://github.com/Moodys-Investors-Service/jenny-ui/pull/2037,https://github.com/Moodys-Investors-Service/jenny-ui/pull/2037#pullrequestreview-5309272342,peer_pr
review,DISMISSED,5309493573,2026-09-24T19:56:37Z,https://github.com/Moodys-Investors-Service/jenny-ui/pull/2048,https://github.com/Moodys-Investors-Service/jenny-ui/pull/2048#pullrequestreview-5309493573,peer_pr
review,APPROVED,5309515198,2026-09-24T19:58:17Z,https://github.com/Moodys-Investors-Service/jenny-api/pull/1384,https://github.com/Moodys-Investors-Service/jenny-api/pull/1384#pullrequestreview-5309515198,peer_pr
review,APPROVED,5309604776,2026-09-24T20:05:17Z,https://github.com/Moodys-Investors-Service/jenny-api/pull/1383,https://github.com/Moodys-Investors-Service/jenny-api/pull/1383#pullrequestreview-5309604776,peer_pr
review,APPROVED,5309608078,2026-09-24T20:05:32Z,https://github.com/Moodys-Investors-Service/jenny-ui/pull/2047,https://github.com/Moodys-Investors-Service/jenny-ui/pull/2047#pullrequestreview-5309608078,peer_pr
review,APPROVED,5319843724,2026-09-25T16:02:59Z,https://github.com/Moodys-Investors-Service/jenny-ui/pull/2050,https://github.com/Moodys-Investors-Service/jenny-ui/pull/2050#pullrequestreview-5319843724,peer_pr
review,APPROVED,5319846902,2026-09-25T16:03:19Z,https://github.com/Moodys-Investors-Service/jenny-api/pull/1386,https://github.com/Moodys-Investors-Service/jenny-api/pull/1386#pullrequestreview-5319846902,peer_pr
review,APPROVED,5342467746,2026-09-28T17:37:28Z,https://github.com/Moodys-Investors-Service/jenny-ui/pull/2064,https://github.com/Moodys-Investors-Service/jenny-ui/pull/2064#pullrequestreview-5342467746,peer_pr
review,APPROVED,5343436315,2026-09-28T19:10:54Z,https://github.com/Moodys-Investors-Service/jenny-ui/pull/2058,https://github.com/Moodys-Investors-Service/jenny-ui/pull/2058#pullrequestreview-5343436315,peer_pr
review,COMMENTED,5343440574,2026-09-28T19:11:17Z,https://github.com/Moodys-Investors-Service/jenny-api/pull/1398,https://github.com/Moodys-Investors-Service/jenny-api/pull/1398#pullrequestreview-5343440574,peer_pr
review,APPROVED,5343442631,2026-09-28T19:11:28Z,https://github.com/Moodys-Investors-Service/jenny-ui/pull/2062,https://github.com/Moodys-Investors-Service/jenny-ui/pull/2062#pullrequestreview-5343442631,peer_pr
discussion_comment,,5890534527,2026-09-29T12:42:42Z,https://github.com/Moodys-Investors-Service/bifrost/pull/23,https://github.com/Moodys-Investors-Service/bifrost/pull/23#issuecomment-5890534527,own_pr
review,APPROVED,5355355661,2026-09-29T16:15:52Z,https://github.com/Moodys-Investors-Service/jenny-ui/pull/2057,https://github.com/Moodys-Investors-Service/jenny-ui/pull/2057#pullrequestreview-5355355661,peer_pr
review,APPROVED,5356280432,2026-09-29T17:42:59Z,https://github.com/Moodys-Investors-Service/jenny-ui/pull/2070,https://github.com/Moodys-Investors-Service/jenny-ui/pull/2070#pullrequestreview-5356280432,peer_pr
review,APPROVED,5356282207,2026-09-29T17:43:10Z,https://github.com/Moodys-Investors-Service/jenny-api/pull/1403,https://github.com/Moodys-Investors-Service/jenny-api/pull/1403#pullrequestreview-5356282207,peer_pr
review,APPROVED,5357452595,2026-09-29T19:36:10Z,https://github.com/Moodys-Investors-Service/jenny-ui/pull/2071,https://github.com/Moodys-Investors-Service/jenny-ui/pull/2071#pullrequestreview-5357452595,peer_pr
review,DISMISSED,5357470167,2026-09-29T19:37:56Z,https://github.com/Moodys-Investors-Service/jenny-api/pull/1399,https://github.com/Moodys-Investors-Service/jenny-api/pull/1399#pullrequestreview-5357470167,peer_pr
review,APPROVED,5367178105,2026-09-30T13:56:24Z,https://github.com/Moodys-Investors-Service/jenny-ui/pull/2063,https://github.com/Moodys-Investors-Service/jenny-ui/pull/2063#pullrequestreview-5367178105,peer_pr
review,DISMISSED,5367203814,2026-09-30T13:58:31Z,https://github.com/Moodys-Investors-Service/jenny-api/pull/1399,https://github.com/Moodys-Investors-Service/jenny-api/pull/1399#pullrequestreview-5367203814,peer_pr
review,APPROVED,5367219038,2026-09-30T13:59:45Z,https://github.com/Moodys-Investors-Service/jenny-ui/pull/2075,https://github.com/Moodys-Investors-Service/jenny-ui/pull/2075#pullrequestreview-5367219038,peer_pr
review,APPROVED,5367220009,2026-09-30T13:59:49Z,https://github.com/Moodys-Investors-Service/jenny-api/pull/1405,https://github.com/Moodys-Investors-Service/jenny-api/pull/1405#pullrequestreview-5367220009,peer_pr
review,APPROVED,5367579673,2026-09-30T14:25:46Z,https://github.com/Moodys-Investors-Service/jenny-ui/pull/2076,https://github.com/Moodys-Investors-Service/jenny-ui/pull/2076#pullrequestreview-5367579673,peer_pr
review,COMMENTED,5369650629,2026-09-30T17:22:17Z,https://github.com/Moodys-Investors-Service/bifrost/pull/27,https://github.com/Moodys-Investors-Service/bifrost/pull/27#pullrequestreview-5369650629,own_pr
inline_comment,,4147370287,2026-09-30T17:22:18Z,https://github.com/Moodys-Investors-Service/bifrost/pull/27,https://github.com/Moodys-Investors-Service/bifrost/pull/27#discussion_r4147370287,own_pr
review,APPROVED,5370857487,2026-09-30T19:15:30Z,https://github.com/Moodys-Investors-Service/jenny-ui/pull/2079,https://github.com/Moodys-Investors-Service/jenny-ui/pull/2079#pullrequestreview-5370857487,peer_pr
review,DISMISSED,5371562478,2026-09-30T20:22:20Z,https://github.com/Moodys-Investors-Service/ai-model-gateway/pull/220,https://github.com/Moodys-Investors-Service/ai-model-gateway/pull/220#pullrequestreview-5371562478,peer_pr
review,APPROVED,5371702246,2026-09-30T20:35:52Z,https://github.com/Moodys-Investors-Service/jenny-ui/pull/2082,https://github.com/Moodys-Investors-Service/jenny-ui/pull/2082#pullrequestreview-5371702246,peer_pr
review,APPROVED,5382907631,2026-10-01T17:16:47Z,https://github.com/Moodys-Investors-Service/ai-model-gateway/pull/224,https://github.com/Moodys-Investors-Service/ai-model-gateway/pull/224#pullrequestreview-5382907631,peer_pr
review,APPROVED,5382924530,2026-10-01T17:18:24Z,https://github.com/Moodys-Investors-Service/jenny-api/pull/1418,https://github.com/Moodys-Investors-Service/jenny-api/pull/1418#pullrequestreview-5382924530,peer_pr
review,APPROVED,5382931723,2026-10-01T17:19:02Z,https://github.com/Moodys-Investors-Service/jenny-api/pull/1419,https://github.com/Moodys-Investors-Service/jenny-api/pull/1419#pullrequestreview-5382931723,peer_pr
review,APPROVED,5382942485,2026-10-01T17:20:01Z,https://github.com/Moodys-Investors-Service/jenny-ui/pull/2091,https://github.com/Moodys-Investors-Service/jenny-ui/pull/2091#pullrequestreview-5382942485,peer_pr
review,APPROVED,5383207405,2026-10-01T17:45:14Z,https://github.com/Moodys-Investors-Service/jenny-api/pull/1421,https://github.com/Moodys-Investors-Service/jenny-api/pull/1421#pullrequestreview-5383207405,peer_pr
review,APPROVED,5383215745,2026-10-01T17:45:52Z,https://github.com/Moodys-Investors-Service/jenny-ui/pull/2094,https://github.com/Moodys-Investors-Service/jenny-ui/pull/2094#pullrequestreview-5383215745,peer_pr
discussion_comment,,5938573736,2026-10-01T19:06:44Z,https://github.com/Moodys-Investors-Service/jenny-api/pull/1402,https://github.com/Moodys-Investors-Service/jenny-api/pull/1402#issuecomment-5938573736,peer_pr
inline_comment,,4166175451,2026-10-02T13:31:06Z,https://github.com/Moodys-Investors-Service/bifrost/pull/28,https://github.com/Moodys-Investors-Service/bifrost/pull/28#discussion_r4166175451,own_pr
review,COMMENTED,5392373228,2026-10-02T13:31:06Z,https://github.com/Moodys-Investors-Service/bifrost/pull/28,https://github.com/Moodys-Investors-Service/bifrost/pull/28#pullrequestreview-5392373228,own_pr
